Workbook

Sheet Timesheet
A1: Timesheet
A7: 1 . IDENTIFICAÇÃO DO COLABORADOR
A8: Departamento - Área | C8: 2023
A9: Nome
A11: 2. LISTA DE ACTIVIDADES REALIZADAS
A12: Data | B12: Descrição | C12: Tipo | D12: Início | E12: Fim | F12: Total (horas) | G12: Comentários/Notas
A13: 45019 | B13: Instalar na maquina o projecto de automação da primeira versão de account-opening | C13: Execução | D13: 0.42708333 | E13: 0.70138889 | F13: =E13-D13 -> 0.27430556
A14: 45019 | B14: Configurações do maven , proxy, Java e IDE´s (Ajuda do Helénio) | C14: Execução | D14: 0.57291667 | E14: 0.625 | F14: =E14-D14 -> 0.052083333
A15: 45019 | B15: Leitura da documentação do WF de abertura de contas (Enviado pela Lara) | C15: Análise | D15: 0.65347222 | E15: 0.6875 | F15: =E15-D15 -> 0.034027778
A16: 45020 | B16: Solicitei permissões para dar continuidades a instalação e configuração do projecto opening-account e suas dependencias | C16: Suporte | D16: 0.38541667 | E16: 0.58333333 | F16: =E16-D16 -> 0.19791667
A17: 45020 | B17: Pedido de acesso ao WF nos ambientes de Qualidade e Pré-Produção (Arménio Julião) | C17: Suporte | D17: 0.46041667 | E17: 0.46388889 | F17: =E17-D17 -> 0.0034722222
A18: 45021 | B18: Acesso ao MozaDesk | C18: Suporte | D18: 0.46388889 | E18: 0.46527778 | F18: =E18-D18 -> 0.0013888889
A19: 45021 | B19: Definição de Qualidade - Comentários (Referente ao documento partilhado pela Lara com fluxo de trabalho da Aréa) | C19: Elaboração | D19: 0.63888889 | E19: 0.67986111 | F19: =E19-D19 -> 0.040972222
A20: 45022 | B20: Pedido de adição do meu user ao grupo de PJ-2018-010 – Workflow de Processos | Relatório de Progresso | C20: Suporte | D20: 0.48819444 | E20: 0.50347222 | F20: =E20-D20 -> 0.015277778
A21: 45022 | B21: Uma proposta de melhores praticas para nossa aréa de qualidade | C21: Elaboração | D21: 0.36111111 | E21: 0.63888889 | F21: =E21-D21 -> 0.27777778
A22: 45028 | B22: Validação dos Jiras com a DOP para aceitação com o colega Osvaldo | C22: Suporte | F22: =E22-D22 -> 0
A23: 45029 | B23: Validação da correção de bugs no WF - no processo de devoluçao de uma conta através do serviço de clientes para UN (Com o colega Osvaldo Matola a pedido da Lara e Ineida) | C23: Execução | D23: 0.56944444 | E23: 0.61805556 | F23: =E23-D23 -> 0.048611111
A24: 45030 | B24: Documentação do WF - Meios de Pagamentos | C24: Análise | D24: 0.52361111 | E24: 0.6875 | F24: =E24-D24 -> 0.16388889
A25: 45030 | B25: Validação na lentidão para finalizar os processos a nivel do workflow com o colega (Jacenio Mazivila) | C25: Suporte | D25: 0.57916667 | E25: 0.59027778 | F25: =E25-D25 -> 0.011111111
A26: 45030 | B26: Novo codigo para automatizar o WF - Opening account e Meios de Pagamento (Nodejs - Cypress - Mochaawesome-reporter) | C26: Execução | D26: 0.39583333 | E26: 0.52083333 | F26: =E26-D26 -> 0.125
F27: =E27-D27 -> 0
F28: =E28-D28 -> 0
F29: =E29-D29 -> 0
F30: =E30-D30 -> 0
F31: =E31-D31 -> 0
F32: =E32-D32 -> 0
F33: =E33-D33 -> 0
F34: =E34-D34 -> 0
F35: =E35-D35 -> 0
F36: =E36-D36 -> 0
F37: =E37-D37 -> 0
F38: =E38-D38 -> 0
... F296: =E296-D296 -> 0
F297: =E297-D297 -> 0 | G297: Cláudia Tivane
F298: =E298-D298 -> 0
F299: =E299-D299 -> 0 | G299: Edson Uamusse
F300: =E300-D300 -> 0
F301: =E301-D301 -> 0
F302: =E302-D302 -> 0
F303: =E303-D303 -> 0
F304: =E304-D304 -> 0
F305: =E305-D305 -> 0
F306: =E306-D306 -> 0
F307: =E307-D307 -> 0
F308: =E308-D308 -> 0
F309: =E309-D309 -> 0
F310: =E310-D310 -> 0
F311: =E311-D311 -> 0
... F330: =E330-D330 -> 0
F331: =E331-D331 -> 0 | G331: Aida Idrissa
F332: =E332-D332 -> 0
F333: =E333-D333 -> 0
F334: =E334-D334 -> 0
F335: =E335-D335 -> 0
F336: =E336-D336 -> 0
F337: =E337-D337 -> 0
F338: =E338-D338 -> 0
F339: =E339-D339 -> 0
F340: =E340-D340 -> 0
F341: =E341-D341 -> 0
F342: =E342-D342 -> 0
F343: =E343-D343 -> 0 | G343: Imiraan Jamal
F344: =E344-D344 -> 0 | G344: João Mambuque
F345: =E345-D345 -> 0
F346: =E346-D346 -> 0
F347: =E347-D347 -> 0
F348: =E348-D348 -> 0
F349: =E349-D349 -> 0
F350: =E350-D350 -> 0
F351: =E351-D351 -> 0
F352: =E352-D352 -> 0
F353: =E353-D353 -> 0
F354: =E354-D354 -> 0
F355: =E355-D355 -> 0
F356: =E356-D356 -> 0
... F792: =E792-D792 -> 0
F793: =E793-D793 -> 0 | G793: PJ-2020-007 - Implementação do NUIB
F794: =E794-D794 -> 0
F795: =E795-D795 -> 0
F796: =E796-D796 -> 0
F797: =E797-D797 -> 0
F798: =E798-D798 -> 0
F799: =E799-D799 -> 0
F800: =E800-D800 -> 0
F801: =E801-D801 -> 0
F802: =E802-D802 -> 0
F803: =E803-D803 -> 0
F804: =E804-D804 -> 0
F805: =E805-D805 -> 0
... F1309: =E1309-D1309 -> 0
F1310: =E1310-D1310 -> 0 | G1310: Com a DOP-Clientes
F1311: =E1311-D1311 -> 0
F1312: =E1312-D1312 -> 0
F1313: =E1313-D1313 -> 0
F1314: =E1314-D1314 -> 0
F1315: =E1315-D1315 -> 0
F1316: =E1316-D1316 -> 0
F1317: =E1317-D1317 -> 0
F1318: =E1318-D1318 -> 0
F1319: =E1319-D1319 -> 0
...

Sheet Mês 1
A2: Mês | B2: Janeiro | O2: Mês | P2: Fevereiro
A3: Data | B3: Análise | C3: Elaboração | D3: Gestão | E3: Outro | F3: Reunião | G3: Revisão | H3: Suporte | I3: Execução | J3: Pesquisa | K3: Total | L3: Entrada | M3: Saída | O3: Data | P3: Análise | Q3: Elaboração | R3: Gestão | S3: Outro | T3: Reunião | U3: Revisão | V3: Suporte | W3: Execução | X3: Pesquisa | Y3: Total | Z3: Entrada | AA3: Saída
A4: 44927 | B4: =SUMIFS(Timesheet!$F$13:$F$11461,Timesheet!$A$13:$A$11461,'Mês 1'!A4,Timesheet!$C$13:$C$11461,'Mês 1'!$B$40) -> 0 | C4: =SUMIFS(Timesheet!$F$13:$F$11461,Timesheet!$A$13:$A$11461,'Mês 1'!A4,Timesheet!$C$13:$C$11461,'Mês 1'!$C$40) -> 0 | D4: =SUMIFS(Timesheet!$F$13:$F$11461,Timesheet!$A$13:$A$11461,'Mês 1'!A4,Timesheet!$C$13:$C$11461,'Mês 1'!$D$40) -> 0 | E4: =SUMIFS(Timesheet!$F$13:$F$11461,Timesheet!$A$13:$A$11461,'Mês 1'!A4,Timesheet!$C$13:$C$11461,'Mês 1'!$E$40) -> 0 | F4: =SUMIFS(Timesheet!$F$13:$F$11461,Timesheet!$A$13:$A$11461,'Mês 1'!A4,Timesheet!$C$13:$C$11461,'Mês 1'!$F$40) -> 0 | G4: =SUMIFS(Timesheet!$F$13:$F$11461,Timesheet!$A$13:$A$11461,'Mês 1'!A4,Timesheet!$C$13:$C$11461,'Mês 1'!$G$40) -> 0 | H4: =SUMIFS(Timesheet!$F$13:$F$2615,Timesheet!$A$13:$A$2615,'Mês 1'!A4,Timesheet!$C$13:$C$2615,'Mês 1'!$H$3) -> 0 | I4: =SUMIFS(Timesheet!$F$13:$F$2615,Timesheet!$A$13:$A$2615,'Mês 1'!A4,Timesheet!$C$13:$C$2615,'Mês 1'!$I$3) -> 0 | J4: =SUMIFS(Timesheet!$F$13:$F$2615,Timesheet!$A$13:$A$2615,'Mês 1'!A4,Timesheet!$C$13:$C$2615,'Mês 1'!$J$3) -> 0 | K4: =SUM(B4:I4) -> 0 | L4: {=MIN(IF(Timesheet!$A$13:$A$11483='Mês 1'!A4,Timesheet!$D$13:$D$11483))} -> 0 | M4: {=MAX(IF(Timesheet!$A$13:$A$11483='Mês 1'!A4,Timesheet!$E$13:$E$11483))} -> 0 | O4: 44958 | P4: =SUMIFS(Timesheet!$F$13:$F$11461,Timesheet!$A$13:$A$11461,'Mês 1'!O4,Timesheet!$C$13:$C$11461,'Mês 1'!$B$40) -> 0 | Q4: =SUMIFS(Timesheet!$F$13:$F$11461,Timesheet!$A$13:$A$11461,'Mês 1'!O4,Timesheet!$C$13:$C$11461,'Mês 1'!$C$40) -> 0 | R4: =SUMIFS(Timesheet!$F$13:$F$11461,Timesheet!$A$13:$A$11461,'Mês 1'!O4,Timesheet!$C$13:$C$11461,'Mês 1'!$D$40) -> 0 | S4: =SUMIFS(Timesheet!$F$13:$F$11461,Timesheet!$A$13:$A$11461,'Mês 1'!O4,Timesheet!$C$13:$C$11461,'Mês 1'!$E$40) -> 0 | T4: =SUMIFS(Timesheet!$F$13:$F$11461,Timesheet!$A$13:$A$11461,'Mês 1'!O4,Timesheet!$C$13:$C$11461,'Mês 1'!$F$40) -> 0 | U4: =SUMIFS(Timesheet!$F$13:$F$11461,Timesheet!$A$13:$A$11461,'Mês 1'!O4,Timesheet!$C$13:$C$11461,'Mês 1'!$G$40) -> 0 | V4: =SUMIFS(Timesheet!$F$13:$F$11461,Timesheet!$A$13:$A$11461,'Mês 1'!O4,Timesheet!$C$13:$C$11461,'Mês 1'!$V$3) -> 0 | W4: =SUMIFS(Timesheet!$F$13:$F$11461,Timesheet!$A$13:$A$11461,'Mês 1'!O4,Timesheet!$C$13:$C$11461,'Mês 1'!$W$3) -> 0 | X4: =SUMIFS(Timesheet!$F$13:$F$11461,Timesheet!$A$13:$A$11461,'Mês 1'!O4,Timesheet!$C$13:$C$11461,'Mês 1'!$X$3) -> 0 | Y4: =SUM(P4:W4) -> 0 | Z4: {=MIN(IF(Timesheet!$A$13:$A$11483='Mês 1'!O4,Timesheet!$D$13:$D$11483))} -> 0 | AA4: {=MAX(IF(Timesheet!$A$13:$A$11483='Mês 1'!O4,Timesheet!$E$13:$E$11483))} -> 0
A5: 44928 | B5: =SUMIFS(Timesheet!$F$13:$F$11461,Timesheet!$A$13:$A$11461,'Mês 1'!A5,Timesheet!$C$13:$C$11461,'Mês 1'!$B$40) -> 0 | C5: =SUMIFS(Timesheet!$F$13:$F$11461,Timesheet!$A$13:$A$11461,'Mês 1'!A5,Timesheet!$C$13:$C$11461,'Mês 1'!$C$40) -> 0 | D5: =SUMIFS(Timesheet!$F$13:$F$11461,Timesheet!$A$13:$A$11461,'Mês 1'!A5,Timesheet!$C$13:$C$11461,'Mês 1'!$D$40) -> 0 | E5: =SUMIFS(Timesheet!$F$13:$F$11461,Timesheet!$A$13:$A$11461,'Mês 1'!A5,Timesheet!$C$13:$C$11461,'Mês 1'!$E$40) -> 0 | F5: =SUMIFS(Timesheet!$F$13:$F$11461,Timesheet!$A$13:$A$11461,'Mês 1'!A5,Timesheet!$C$13:$C$11461,'Mês 1'!$F$40) -> 0 | G5: =SUMIFS(Timesheet!$F$13:$F$11461,Timesheet!$A$13:$A$11461,'Mês 1'!A5,Timesheet!$C$13:$C$11461,'Mês 1'!$G$40) -> 0 | H5: =SUMIFS(Timesheet!$F$13:$F$2615,Timesheet!$A$13:$A$2615,'Mês 1'!A5,Timesheet!$C$13:$C$2615,'Mês 1'!$H$3) -> 0 | I5: =SUMIFS(Timesheet!$F$13:$F$2615,Timesheet!$A$13:$A$2615,'Mês 1'!A5,Timesheet!$C$13:$C$2615,'Mês 1'!$I$3) -> 0 | J5: =SUMIFS(Timesheet!$F$13:$F$2615,Timesheet!$A$13:$A$2615,'Mês 1'!A5,Timesheet!$C$13:$C$2615,'Mês 1'!$J$3) -> 0 | K5: =SUM(B5:I5) -> 0 | L5: {=MIN(IF(Timesheet!$A$13:$A$11483='Mês 1'!A5,Timesheet!$D$13:$D$11483))} -> 0 | M5: {=MAX(IF(Timesheet!$A$13:$A$11483='Mês 1'!A5,Timesheet!$E$13:$E$11483))} -> 0 | O5: 44959 | P5: =SUMIFS(Timesheet!$F$13:$F$11461,Timesheet!$A$13:$A$11461,'Mês 1'!O5,Timesheet!$C$13:$C$11461,'Mês 1'!$B$40) -> 0 | Q5: =SUMIFS(Timesheet!$F$13:$F$11461,Timesheet!$A$13:$A$11461,'Mês 1'!O5,Timesheet!$C$13:$C$11461,'Mês 1'!$C$40) -> 0 | R5: =SUMIFS(Timesheet!$F$13:$F$11461,Timesheet!$A$13:$A$11461,'Mês 1'!O5,Timesheet!$C$13:$C$11461,'Mês 1'!$D$40) -> 0 | S5: =SUMIFS(Timesheet!$F$13:$F$11461,Timesheet!$A$13:$A$11461,'Mês 1'!O5,Timesheet!$C$13:$C$11461,'Mês 1'!$E$40) -> 0 | T5: =SUMIFS(Timesheet!$F$13:$F$11461,Timesheet!$A$13:$A$11461,'Mês 1'!O5,Timesheet!$C$13:$C$11461,'Mês 1'!$F$40) -> 0 | U5: =SUMIFS(Timesheet!$F$13:$F$11461,Timesheet!$A$13:$A$11461,'Mês 1'!O5,Timesheet!$C$13:$C$11461,'Mês 1'!$G$40) -> 0 | V5: =SUMIFS(Timesheet!$F$13:$F$11461,Timesheet!$A$13:$A$11461,'Mês 1'!O5,Timesheet!$C$13:$C$11461,'Mês 1'!$V$3) -> 0 | W5: =SUMIFS(Timesheet!$F$13:$F$11461,Timesheet!$A$13:$A$11461,'Mês 1'!O5,Timesheet!$C$13:$C$11461,'Mês 1'!$W$3) -> 0 | X5: =SUMIFS(Timesheet!$F$13:$F$11461,Timesheet!$A$13:$A$11461,'Mês 1'!O5,Timesheet!$C$13:$C$11461,'Mês 1'!$X$3) -> 0 | Y5: =SUM(P5:W5) -> 0 | Z5: {=MIN(IF(Timesheet!$A$13:$A$11483='Mês 1'!O5,Timesheet!$D$13:$D$11483))} -> 0 | AA5: {=MAX(IF(Timesheet!$A$13:$A$11483='Mês 1'!O5,Timesheet!$E$13:$E$11483))} -> 0
A6: 44929 | B6: =SUMIFS(Timesheet!$F$13:$F$11461,Timesheet!$A$13:$A$11461,'Mês 1'!A6,Timesheet!$C$13:$C$11461,'Mês 1'!$B$40) -> 0 | C6: =SUMIFS(Timesheet!$F$13:$F$11461,Timesheet!$A$13:$A$11461,'Mês 1'!A6,Timesheet!$C$13:$C$11461,'Mês 1'!$C$40) -> 0 | D6: =SUMIFS(Timesheet!$F$13:$F$11461,Timesheet!$A$13:$A$11461,'Mês 1'!A6,Timesheet!$C$13:$C$11461,'Mês 1'!$D$40) -> 0 | E6: =SUMIFS(Timesheet!$F$13:$F$11461,Timesheet!$A$13:$A$11461,'Mês 1'!A6,Timesheet!$C$13:$C$11461,'Mês 1'!$E$40) -> 0 | F6: =SUMIFS(Timesheet!$F$13:$F$11461,Timesheet!$A$13:$A$11461,'Mês 1'!A6,Timesheet!$C$13:$C$11461,'Mês 1'!$F$40) -> 0 | G6: =SUMIFS(Timesheet!$F$13:$F$11461,Timesheet!$A$13:$A$11461,'Mês 1'!A6,Timesheet!$C$13:$C$11461,'Mês 1'!$G$40) -> 0 | H6: =SUMIFS(Timesheet!$F$13:$F$2615,Timesheet!$A$13:$A$2615,'Mês 1'!A6,Timesheet!$C$13:$C$2615,'Mês 1'!$H$3) -> 0 | I6: =SUMIFS(Timesheet!$F$13:$F$2615,Timesheet!$A$13:$A$2615,'Mês 1'!A6,Timesheet!$C$13:$C$2615,'Mês 1'!$I$3) -> 0 | J6: =SUMIFS(Timesheet!$F$13:$F$2615,Timesheet!$A$13:$A$2615,'Mês 1'!A6,Timesheet!$C$13:$C$2615,'Mês 1'!$J$3) -> 0 | K6: =SUM(B6:I6) -> 0 | L6: {=MIN(IF(Timesheet!$A$13:$A$11483='Mês 1'!A6,Timesheet!$D$13:$D$11483))} -> 0 | M6: {=MAX(IF(Timesheet!$A$13:$A$11483='Mês 1'!A6,Timesheet!$E$13:$E$11483))} -> 0 | O6: 44960 | P6: =SUMIFS(Timesheet!$F$13:$F$11461,Timesheet!$A$13:$A$11461,'Mês 1'!O6,Timesheet!$C$13:$C$11461,'Mês 1'!$B$40) -> 0 | Q6: =SUMIFS(Timesheet!$F$13:$F$11461,Timesheet!$A$13:$A$11461,'Mês 1'!O6,Timesheet!$C$13:$C$11461,'Mês 1'!$C$40) -> 0 | R6: =SUMIFS(Timesheet!$F$13:$F$11461,Timesheet!$A$13:$A$11461,'Mês 1'!O6,Timesheet!$C$13:$C$11461,'Mês 1'!$D$40) -> 0 | S6: =SUMIFS(Timesheet!$F$13:$F$11461,Timesheet!$A$13:$A$11461,'Mês 1'!O6,Timesheet!$C$13:$C$11461,'Mês 1'!$E$40) -> 0 | T6: =SUMIFS(Timesheet!$F$13:$F$11461,Timesheet!$A$13:$A$11461,'Mês 1'!O6,Timesheet!$C$13:$C$11461,'Mês 1'!$F$40) -> 0 | U6: =SUMIFS(Timesheet!$F$13:$F$11461,Timesheet!$A$13:$A$11461,'Mês 1'!O6,Timesheet!$C$13:$C$11461,'Mês 1'!$G$40) -> 0 | V6: =SUMIFS(Timesheet!$F$13:$F$11461,Timesheet!$A$13:$A$11461,'Mês 1'!O6,Timesheet!$C$13:$C$11461,'Mês 1'!$V$3) -> 0 | W6: =SUMIFS(Timesheet!$F$13:$F$11461,Timesheet!$A$13:$A$11461,'Mês 1'!O6,Timesheet!$C$13:$C$11461,'Mês 1'!$W$3) -> 0 | X6: =SUMIFS(Timesheet!$F$13:$F$11461,Timesheet!$A$13:$A$11461,'Mês 1'!O6,Timesheet!$C$13:$C$11461,'Mês 1'!$X$3) -> 0 | Y6: =SUM(P6:W6) -> 0 | Z6: {=MIN(IF(Timesheet!$A$13:$A$11483='Mês 1'!O6,Timesheet!$D$13:$D$11483))} -> 0 | AA6: {=MAX(IF(Timesheet!$A$13:$A$11483='Mês 1'!O6,Timesheet!$E$13:$E$11483))} -> 0
A7: 44930 | B7: =SUMIFS(Timesheet!$F$13:$F$11461,Timesheet!$A$13:$A$11461,'Mês 1'!A7,Timesheet!$C$13:$C$11461,'Mês 1'!$B$40) -> 0 | C7: =SUMIFS(Timesheet!$F$13:$F$11461,Timesheet!$A$13:$A$11461,'Mês 1'!A7,Timesheet!$C$13:$C$11461,'Mês 1'!$C$40) -> 0 | D7: =SUMIFS(Timesheet!$F$13:$F$11461,Timesheet!$A$13:$A$11461,'Mês 1'!A7,Timesheet!$C$13:$C$11461,'Mês 1'!$D$40) -> 0 | E7: =SUMIFS(Timesheet!$F$13:$F$11461,Timesheet!$A$13:$A$11461,'Mês 1'!A7,Timesheet!$C$13:$C$11461,'Mês 1'!$E$40) -> 0 | F7: =SUMIFS(Timesheet!$F$13:$F$11461,Timesheet!$A$13:$A$11461,'Mês 1'!A7,Timesheet!$C$13:$C$11461,'Mês 1'!$F$40) -> 0 | G7: =SUMIFS(Timesheet!$F$13:$F$11461,Timesheet!$A$13:$A$11461,'Mês 1'!A7,Timesheet!$C$13:$C$11461,'Mês 1'!$G$40) -> 0 | H7: =SUMIFS(Timesheet!$F$13:$F$2615,Timesheet!$A$13:$A$2615,'Mês 1'!A7,Timesheet!$C$13:$C$2615,'Mês 1'!$H$3) -> 0 | I7: =SUMIFS(Timesheet!$F$13:$F$2615,Timesheet!$A$13:$A$2615,'Mês 1'!A7,Timesheet!$C$13:$C$2615,'Mês 1'!$I$3) -> 0 | J7: =SUMIFS(Timesheet!$F$13:$F$2615,Timesheet!$A$13:$A$2615,'Mês 1'!A7,Timesheet!$C$13:$C$2615,'Mês 1'!$J$3) -> 0 | K7: =SUM(B7:I7) -> 0 | L7: {=MIN(IF(Timesheet!$A$13:$A$11483='Mês 1'!A7,Timesheet!$D$13:$D$11483))} -> 0 | M7: {=MAX(IF(Timesheet!$A$13:$A$11483='Mês 1'!A7,Timesheet!$E$13:$E$11483))} -> 0 | O7: 44961 | P7: =SUMIFS(Timesheet!$F$13:$F$11461,Timesheet!$A$13:$A$11461,'Mês 1'!O7,Timesheet!$C$13:$C$11461,'Mês 1'!$B$40) -> 0 | Q7: =SUMIFS(Timesheet!$F$13:$F$11461,Timesheet!$A$13:$A$11461,'Mês 1'!O7,Timesheet!$C$13:$C$11461,'Mês 1'!$C$40) -> 0 | R7: =SUMIFS(Timesheet!$F$13:$F$11461,Timesheet!$A$13:$A$11461,'Mês 1'!O7,Timesheet!$C$13:$C$11461,'Mês 1'!$D$40) -> 0 | S7: =SUMIFS(Timesheet!$F$13:$F$11461,Timesheet!$A$13:$A$11461,'Mês 1'!O7,Timesheet!$C$13:$C$11461,'Mês 1'!$E$40) -> 0 | T7: =SUMIFS(Timesheet!$F$13:$F$11461,Timesheet!$A$13:$A$11461,'Mês 1'!O7,Timesheet!$C$13:$C$11461,'Mês 1'!$F$40) -> 0 | U7: =SUMIFS(Timesheet!$F$13:$F$11461,Timesheet!$A$13:$A$11461,'Mês 1'!O7,Timesheet!$C$13:$C$11461,'Mês 1'!$G$40) -> 0 | V7: =SUMIFS(Timesheet!$F$13:$F$11461,Timesheet!$A$13:$A$11461,'Mês 1'!O7,Timesheet!$C$13:$C$11461,'Mês 1'!$V$3) -> 0 | W7: =SUMIFS(Timesheet!$F$13:$F$11461,Timesheet!$A$13:$A$11461,'Mês 1'!O7,Timesheet!$C$13:$C$11461,'Mês 1'!$W$3) -> 0 | X7: =SUMIFS(Timesheet!$F$13:$F$11461,Timesheet!$A$13:$A$11461,'Mês 1'!O7,Timesheet!$C$13:$C$11461,'Mês 1'!$X$3) -> 0 | Y7: =SUM(P7:W7) -> 0 | Z7: {=MIN(IF(Timesheet!$A$13:$A$11483='Mês 1'!O7,Timesheet!$D$13:$D$11483))} -> 0 | AA7: {=MAX(IF(Timesheet!$A$13:$A$11483='Mês 1'!O7,Timesheet!$E$13:$E$11483))} -> 0
A8: 44931 | B8: =SUMIFS(Timesheet!$F$13:$F$11461,Timesheet!$A$13:$A$11461,'Mês 1'!A8,Timesheet!$C$13:$C$11461,'Mês 1'!$B$40) -> 0 | C8: =SUMIFS(Timesheet!$F$13:$F$11461,Timesheet!$A$13:$A$11461,'Mês 1'!A8,Timesheet!$C$13:$C$11461,'Mês 1'!$C$40) -> 0 | D8: =SUMIFS(Timesheet!$F$13:$F$11461,Timesheet!$A$13:$A$11461,'Mês 1'!A8,Timesheet!$C$13:$C$11461,'Mês 1'!$D$40) -> 0 | E8: =SUMIFS(Timesheet!$F$13:$F$11461,Timesheet!$A$13:$A$11461,'Mês 1'!A8,Timesheet!$C$13:$C$11461,'Mês 1'!$E$40) -> 0 | F8: =SUMIFS(Timesheet!$F$13:$F$11461,Timesheet!$A$13:$A$11461,'Mês 1'!A8,Timesheet!$C$13:$C$11461,'Mês 1'!$F$40) -> 0 | G8: =SUMIFS(Timesheet!$F$13:$F$11461,Timesheet!$A$13:$A$11461,'Mês 1'!A8,Timesheet!$C$13:$C$11461,'Mês 1'!$G$40) -> 0 | H8: =SUMIFS(Timesheet!$F$13:$F$2615,Timesheet!$A$13:$A$2615,'Mês 1'!A8,Timesheet!$C$13:$C$2615,'Mês 1'!$H$3) -> 0 | I8: =SUMIFS(Timesheet!$F$13:$F$2615,Timesheet!$A$13:$A$2615,'Mês 1'!A8,Timesheet!$C$13:$C$2615,'Mês 1'!$I$3) -> 0 | J8: =SUMIFS(Timesheet!$F$13:$F$2615,Timesheet!$A$13:$A$2615,'Mês 1'!A8,Timesheet!$C$13:$C$2615,'Mês 1'!$J$3) -> 0 | K8: =SUM(B8:I8) -> 0 | L8: {=MIN(IF(Timesheet!$A$13:$A$11483='Mês 1'!A8,Timesheet!$D$13:$D$11483))} -> 0 | M8: {=MAX(IF(Timesheet!$A$13:$A$11483='Mês 1'!A8,Timesheet!$E$13:$E$11483))} -> 0 | O8: 44962 | P8: =SUMIFS(Timesheet!$F$13:$F$11461,Timesheet!$A$13:$A$11461,'Mês 1'!O8,Timesheet!$C$13:$C$11461,'Mês 1'!$B$40) -> 0 | Q8: =SUMIFS(Timesheet!$F$13:$F$11461,Timesheet!$A$13:$A$11461,'Mês 1'!O8,Timesheet!$C$13:$C$11461,'Mês 1'!$C$40) -> 0 | R8: =SUMIFS(Timesheet!$F$13:$F$11461,Timesheet!$A$13:$A$11461,'Mês 1'!O8,Timesheet!$C$13:$C$11461,'Mês 1'!$D$40) -> 0 | S8: =SUMIFS(Timesheet!$F$13:$F$11461,Timesheet!$A$13:$A$11461,'Mês 1'!O8,Timesheet!$C$13:$C$11461,'Mês 1'!$E$40) -> 0 | T8: =SUMIFS(Timesheet!$F$13:$F$11461,Timesheet!$A$13:$A$11461,'Mês 1'!O8,Timesheet!$C$13:$C$11461,'Mês 1'!$F$40) -> 0 | U8: =SUMIFS(Timesheet!$F$13:$F$11461,Timesheet!$A$13:$A$11461,'Mês 1'!O8,Timesheet!$C$13:$C$11461,'Mês 1'!$G$40) -> 0 | V8: =SUMIFS(Timesheet!$F$13:$F$11461,Timesheet!$A$13:$A$11461,'Mês 1'!O8,Timesheet!$C$13:$C$11461,'Mês 1'!$V$3) -> 0 | W8: =SUMIFS(Timesheet!$F$13:$F$11461,Timesheet!$A$13:$A$11461,'Mês 1'!O8,Timesheet!$C$13:$C$11461,'Mês 1'!$W$3) -> 0 | X8: =SUMIFS(Timesheet!$F$13:$F$11461,Timesheet!$A$13:$A$11461,'Mês 1'!O8,Timesheet!$C$13:$C$11461,'Mês 1'!$X$3) -> 0 | Y8: =SUM(P8:W8) -> 0 | Z8: {=MIN(IF(Timesheet!$A$13:$A$11483='Mês 1'!O8,Timesheet!$D$13:$D$11483))} -> 0 | AA8: {=MAX(IF(Timesheet!$A$13:$A$11483='Mês 1'!O8,Timesheet!$E$13:$E$11483))} -> 0
A9: 44932 | B9: =SUMIFS(Timesheet!$F$13:$F$11461,Timesheet!$A$13:$A$11461,'Mês 1'!A9,Timesheet!$C$13:$C$11461,'Mês 1'!$B$40) -> 0 | C9: =SUMIFS(Timesheet!$F$13:$F$11461,Timesheet!$A$13:$A$11461,'Mês 1'!A9,Timesheet!$C$13:$C$11461,'Mês 1'!$C$40) -> 0 | D9: =SUMIFS(Timesheet!$F$13:$F$11461,Timesheet!$A$13:$A$11461,'Mês 1'!A9,Timesheet!$C$13:$C$11461,'Mês 1'!$D$40) -> 0 | E9: =SUMIFS(Timesheet!$F$13:$F$11461,Timesheet!$A$13:$A$11461,'Mês 1'!A9,Timesheet!$C$13:$C$11461,'Mês 1'!$E$40) -> 0 | F9: =SUMIFS(Timesheet!$F$13:$F$11461,Timesheet!$A$13:$A$11461,'Mês 1'!A9,Timesheet!$C$13:$C$11461,'Mês 1'!$F$40) -> 0 | G9: =SUMIFS(Timesheet!$F$13:$F$11461,Timesheet!$A$13:$A$11461,'Mês 1'!A9,Timesheet!$C$13:$C$11461,'Mês 1'!$G$40) -> 0 | H9: =SUMIFS(Timesheet!$F$13:$F$2615,Timesheet!$A$13:$A$2615,'Mês 1'!A9,Timesheet!$C$13:$C$2615,'Mês 1'!$H$3) -> 0 | I9: =SUMIFS(Timesheet!$F$13:$F$2615,Timesheet!$A$13:$A$2615,'Mês 1'!A9,Timesheet!$C$13:$C$2615,'Mês 1'!$I$3) -> 0 | J9: =SUMIFS(Timesheet!$F$13:$F$2615,Timesheet!$A$13:$A$2615,'Mês 1'!A9,Timesheet!$C$13:$C$2615,'Mês 1'!$J$3) -> 0 | K9: =SUM(B9:I9) -> 0 | L9: {=MIN(IF(Timesheet!$A$13:$A$11483='Mês 1'!A9,Timesheet!$D$13:$D$11483))} -> 0 | M9: {=MAX(IF(Timesheet!$A$13:$A$11483='Mês 1'!A9,Timesheet!$E$13:$E$11483))} -> 0 | O9: 44963 | P9: =SUMIFS(Timesheet!$F$13:$F$11461,Timesheet!$A$13:$A$11461,'Mês 1'!O9,Timesheet!$C$13:$C$11461,'Mês 1'!$B$40) -> 0 | Q9: =SUMIFS(Timesheet!$F$13:$F$11461,Timesheet!$A$13:$A$11461,'Mês 1'!O9,Timesheet!$C$13:$C$11461,'Mês 1'!$C$40) -> 0 | R9: =SUMIFS(Timesheet!$F$13:$F$11461,Timesheet!$A$13:$A$11461,'Mês 1'!O9,Timesheet!$C$13:$C$11461,'Mês 1'!$D$40) -> 0 | S9: =SUMIFS(Timesheet!$F$13:$F$11461,Timesheet!$A$13:$A$11461,'Mês 1'!O9,Timesheet!$C$13:$C$11461,'Mês 1'!$E$40) -> 0 | T9: =SUMIFS(Timesheet!$F$13:$F$11461,Timesheet!$A$13:$A$11461,'Mês 1'!O9,Timesheet!$C$13:$C$11461,'Mês 1'!$F$40) -> 0 | U9: =SUMIFS(Timesheet!$F$13:$F$11461,Timesheet!$A$13:$A$11461,'Mês 1'!O9,Timesheet!$C$13:$C$11461,'Mês 1'!$G$40) -> 0 | V9: =SUMIFS(Timesheet!$F$13:$F$11461,Timesheet!$A$13:$A$11461,'Mês 1'!O9,Timesheet!$C$13:$C$11461,'Mês 1'!$V$3) -> 0 | W9: =SUMIFS(Timesheet!$F$13:$F$11461,Timesheet!$A$13:$A$11461,'Mês 1'!O9,Timesheet!$C$13:$C$11461,'Mês 1'!$W$3) -> 0 | X9: =SUMIFS(Timesheet!$F$13:$F$11461,Timesheet!$A$13:$A$11461,'Mês 1'!O9,Timesheet!$C$13:$C$11461,'Mês 1'!$X$3) -> 0 | Y9: =SUM(P9:W9) -> 0 | Z9: {=MIN(IF(Timesheet!$A$13:$A$11483='Mês 1'!O9,Timesheet!$D$13:$D$11483))} -> 0 | AA9: {=MAX(IF(Timesheet!$A$13:$A$11483='Mês 1'!O9,Timesheet!$E$13:$E$11483))} -> 0
A10: 44933 | B10: =SUMIFS(Timesheet!$F$13:$F$11461,Timesheet!$A$13:$A$11461,'Mês 1'!A10,Timesheet!$C$13:$C$11461,'Mês 1'!$B$40) -> 0 | C10: =SUMIFS(Timesheet!$F$13:$F$11461,Timesheet!$A$13:$A$11461,'Mês 1'!A10,Timesheet!$C$13:$C$11461,'Mês 1'!$C$40) -> 0 | D10: =SUMIFS(Timesheet!$F$13:$F$11461,Timesheet!$A$13:$A$11461,'Mês 1'!A10,Timesheet!$C$13:$C$11461,'Mês 1'!$D$40) -> 0 | E10: =SUMIFS(Timesheet!$F$13:$F$11461,Timesheet!$A$13:$A$11461,'Mês 1'!A10,Timesheet!$C$13:$C$11461,'Mês 1'!$E$40) -> 0 | F10: =SUMIFS(Timesheet!$F$13:$F$11461,Timesheet!$A$13:$A$11461,'Mês 1'!A10,Timesheet!$C$13:$C$11461,'Mês 1'!$F$40) -> 0 | G10: =SUMIFS(Timesheet!$F$13:$F$11461,Timesheet!$A$13:$A$11461,'Mês 1'!A10,Timesheet!$C$13:$C$11461,'Mês 1'!$G$40) -> 0 | H10: =SUMIFS(Timesheet!$F$13:$F$2615,Timesheet!$A$13:$A$2615,'Mês 1'!A10,Timesheet!$C$13:$C$2615,'Mês 1'!$H$3) -> 0 | I10: =SUMIFS(Timesheet!$F$13:$F$2615,Timesheet!$A$13:$A$2615,'Mês 1'!A10,Timesheet!$C$13:$C$2615,'Mês 1'!$I$3) -> 0 | J10: =SUMIFS(Timesheet!$F$13:$F$2615,Timesheet!$A$13:$A$2615,'Mês 1'!A10,Timesheet!$C$13:$C$2615,'Mês 1'!$J$3) -> 0 | K10: =SUM(B10:I10) -> 0 | L10: {=MIN(IF(Timesheet!$A$13:$A$11483='Mês 1'!A10,Timesheet!$D$13:$D$11483))} -> 0 | M10: {=MAX(IF(Timesheet!$A$13:$A$11483='Mês 1'!A10,Timesheet!$E$13:$E$11483))} -> 0 | O10: 44964 | P10: =SUMIFS(Timesheet!$F$13:$F$11461,Timesheet!$A$13:$A$11461,'Mês 1'!O10,Timesheet!$C$13:$C$11461,'Mês 1'!$B$40) -> 0 | Q10: =SUMIFS(Timesheet!$F$13:$F$11461,Timesheet!$A$13:$A$11461,'Mês 1'!O10,Timesheet!$C$13:$C$11461,'Mês 1'!$C$40) -> 0 | R10: =SUMIFS(Timesheet!$F$13:$F$11461,Timesheet!$A$13:$A$11461,'Mês 1'!O10,Timesheet!$C$13:$C$11461,'Mês 1'!$D$40) -> 0 | S10: =SUMIFS(Timesheet!$F$13:$F$11461,Timesheet!$A$13:$A$11461,'Mês 1'!O10,Timesheet!$C$13:$C$11461,'Mês 1'!$E$40) -> 0 | T10: =SUMIFS(Timesheet!$F$13:$F$11461,Timesheet!$A$13:$A$11461,'Mês 1'!O10,Timesheet!$C$13:$C$11461,'Mês 1'!$F$40) -> 0 | U10: =SUMIFS(Timesheet!$F$13:$F$11461,Timesheet!$A$13:$A$11461,'Mês 1'!O10,Timesheet!$C$13:$C$11461,'Mês 1'!$G$40) -> 0 | V10: =SUMIFS(Timesheet!$F$13:$F$11461,Timesheet!$A$13:$A$11461,'Mês 1'!O10,Timesheet!$C$13:$C$11461,'Mês 1'!$V$3) -> 0 | W10: =SUMIFS(Timesheet!$F$13:$F$11461,Timesheet!$A$13:$A$11461,'Mês 1'!O10,Timesheet!$C$13:$C$11461,'Mês 1'!$W$3) -> 0 | X10: =SUMIFS(Timesheet!$F$13:$F$11461,Timesheet!$A$13:$A$11461,'Mês 1'!O10,Timesheet!$C$13:$C$11461,'Mês 1'!$X$3) -> 0 | Y10: =SUM(P10:W10) -> 0 | Z10: {=MIN(IF(Timesheet!$A$13:$A$11483='Mês 1'!O10,Timesheet!$D$13:$D$11483))} -> 0 | AA10: {=MAX(IF(Timesheet!$A$13:$A$11483='Mês 1'!O10,Timesheet!$E$13:$E$11483))} -> 0
A11: 44934 | B11: =SUMIFS(Timesheet!$F$13:$F$11461,Timesheet!$A$13:$A$11461,'Mês 1'!A11,Timesheet!$C$13:$C$11461,'Mês 1'!$B$40) -> 0 | C11: =SUMIFS(Timesheet!$F$13:$F$11461,Timesheet!$A$13:$A$11461,'Mês 1'!A11,Timesheet!$C$13:$C$11461,'Mês 1'!$C$40) -> 0 | D11: =SUMIFS(Timesheet!$F$13:$F$11461,Timesheet!$A$13:$A$11461,'Mês 1'!A11,Timesheet!$C$13:$C$11461,'Mês 1'!$D$40) -> 0 | E11: =SUMIFS(Timesheet!$F$13:$F$11461,Timesheet!$A$13:$A$11461,'Mês 1'!A11,Timesheet!$C$13:$C$11461,'Mês 1'!$E$40) -> 0 | F11: =SUMIFS(Timesheet!$F$13:$F$11461,Timesheet!$A$13:$A$11461,'Mês 1'!A11,Timesheet!$C$13:$C$11461,'Mês 1'!$F$40) -> 0 | G11: =SUMIFS(Timesheet!$F$13:$F$11461,Timesheet!$A$13:$A$11461,'Mês 1'!A11,Timesheet!$C$13:$C$11461,'Mês 1'!$G$40) -> 0 | H11: =SUMIFS(Timesheet!$F$13:$F$2615,Timesheet!$A$13:$A$2615,'Mês 1'!A11,Timesheet!$C$13:$C$2615,'Mês 1'!$H$3) -> 0 | I11: =SUMIFS(Timesheet!$F$13:$F$2615,Timesheet!$A$13:$A$2615,'Mês 1'!A11,Timesheet!$C$13:$C$2615,'Mês 1'!$I$3) -> 0 | J11: =SUMIFS(Timesheet!$F$13:$F$2615,Timesheet!$A$13:$A$2615,'Mês 1'!A11,Timesheet!$C$13:$C$2615,'Mês 1'!$J$3) -> 0 | K11: =SUM(B11:I11) -> 0 | L11: {=MIN(IF(Timesheet!$A$13:$A$11483='Mês 1'!A11,Timesheet!$D$13:$D$11483))} -> 0 | M11: {=MAX(IF(Timesheet!$A$13:$A$11483='Mês 1'!A11,Timesheet!$E$13:$E$11483))} -> 0 | O11: 44965 | P11: =SUMIFS(Timesheet!$F$13:$F$11461,Timesheet!$A$13:$A$11461,'Mês 1'!O11,Timesheet!$C$13:$C$11461,'Mês 1'!$B$40) -> 0 | Q11: =SUMIFS(Timesheet!$F$13:$F$11461,Timesheet!$A$13:$A$11461,'Mês 1'!O11,Timesheet!$C$13:$C$11461,'Mês 1'!$C$40) -> 0 | R11: =SUMIFS(Timesheet!$F$13:$F$11461,Timesheet!$A$13:$A$11461,'Mês 1'!O11,Timesheet!$C$13:$C$11461,'Mês 1'!$D$40) -> 0 | S11: =SUMIFS(Timesheet!$F$13:$F$11461,Timesheet!$A$13:$A$11461,'Mês 1'!O11,Timesheet!$C$13:$C$11461,'Mês 1'!$E$40) -> 0 | T11: =SUMIFS(Timesheet!$F$13:$F$11461,Timesheet!$A$13:$A$11461,'Mês 1'!O11,Timesheet!$C$13:$C$11461,'Mês 1'!$F$40) -> 0 | U11: =SUMIFS(Timesheet!$F$13:$F$11461,Timesheet!$A$13:$A$11461,'Mês 1'!O11,Timesheet!$C$13:$C$11461,'Mês 1'!$G$40) -> 0 | V11: =SUMIFS(Timesheet!$F$13:$F$11461,Timesheet!$A$13:$A$11461,'Mês 1'!O11,Timesheet!$C$13:$C$11461,'Mês 1'!$V$3) -> 0 | W11: =SUMIFS(Timesheet!$F$13:$F$11461,Timesheet!$A$13:$A$11461,'Mês 1'!O11,Timesheet!$C$13:$C$11461,'Mês 1'!$W$3) -> 0 | X11: =SUMIFS(Timesheet!$F$13:$F$11461,Timesheet!$A$13:$A$11461,'Mês 1'!O11,Timesheet!$C$13:$C$11461,'Mês 1'!$X$3) -> 0 | Y11: =SUM(P11:W11) -> 0 | Z11: {=MIN(IF(Timesheet!$A$13:$A$11483='Mês 1'!O11,Timesheet!$D$13:$D$11483))} -> 0 | AA11: {=MAX(IF(Timesheet!$A$13:$A$11483='Mês 1'!O11,Timesheet!$E$13:$E$11483))} -> 0
A12: 44935 | B12: =SUMIFS(Timesheet!$F$13:$F$11461,Timesheet!$A$13:$A$11461,'Mês 1'!A12,Timesheet!$C$13:$C$11461,'Mês 1'!$B$40) -> 0 | C12: =SUMIFS(Timesheet!$F$13:$F$11461,Timesheet!$A$13:$A$11461,'Mês 1'!A12,Timesheet!$C$13:$C$11461,'Mês 1'!$C$40) -> 0 | D12: =SUMIFS(Timesheet!$F$13:$F$11461,Timesheet!$A$13:$A$11461,'Mês 1'!A12,Timesheet!$C$13:$C$11461,'Mês 1'!$D$40) -> 0 | E12: =SUMIFS(Timesheet!$F$13:$F$11461,Timesheet!$A$13:$A$11461,'Mês 1'!A12,Timesheet!$C$13:$C$11461,'Mês 1'!$E$40) -> 0 | F12: =SUMIFS(Timesheet!$F$13:$F$11461,Timesheet!$A$13:$A$11461,'Mês 1'!A12,Timesheet!$C$13:$C$11461,'Mês 1'!$F$40) -> 0 | G12: =SUMIFS(Timesheet!$F$13:$F$11461,Timesheet!$A$13:$A$11461,'Mês 1'!A12,Timesheet!$C$13:$C$11461,'Mês 1'!$G$40) -> 0 | H12: =SUMIFS(Timesheet!$F$13:$F$2615,Timesheet!$A$13:$A$2615,'Mês 1'!A12,Timesheet!$C$13:$C$2615,'Mês 1'!$H$3) -> 0 | I12: =SUMIFS(Timesheet!$F$13:$F$2615,Timesheet!$A$13:$A$2615,'Mês 1'!A12,Timesheet!$C$13:$C$2615,'Mês 1'!$I$3) -> 0 | J12: =SUMIFS(Timesheet!$F$13:$F$2615,Timesheet!$A$13:$A$2615,'Mês 1'!A12,Timesheet!$C$13:$C$2615,'Mês 1'!$J$3) -> 0 | K12: =SUM(B12:I12) -> 0 | L12: {=MIN(IF(Timesheet!$A$13:$A$11483='Mês 1'!A12,Timesheet!$D$13:$D$11483))} -> 0 | M12: {=MAX(IF(Timesheet!$A$13:$A$11483='Mês 1'!A12,Timesheet!$E$13:$E$11483))} -> 0 | O12: 44966 | P12: =SUMIFS(Timesheet!$F$13:$F$11461,Timesheet!$A$13:$A$11461,'Mês 1'!O12,Timesheet!$C$13:$C$11461,'Mês 1'!$B$40) -> 0 | Q12: =SUMIFS(Timesheet!$F$13:$F$11461,Timesheet!$A$13:$A$11461,'Mês 1'!O12,Timesheet!$C$13:$C$11461,'Mês 1'!$C$40) -> 0 | R12: =SUMIFS(Timesheet!$F$13:$F$11461,Timesheet!$A$13:$A$11461,'Mês 1'!O12,Timesheet!$C$13:$C$11461,'Mês 1'!$D$40) -> 0 | S12: =SUMIFS(Timesheet!$F$13:$F$11461,Timesheet!$A$13:$A$11461,'Mês 1'!O12,Timesheet!$C$13:$C$11461,'Mês 1'!$E$40) -> 0 | T12: =SUMIFS(Timesheet!$F$13:$F$11461,Timesheet!$A$13:$A$11461,'Mês 1'!O12,Timesheet!$C$13:$C$11461,'Mês 1'!$F$40) -> 0 | U12: =SUMIFS(Timesheet!$F$13:$F$11461,Timesheet!$A$13:$A$11461,'Mês 1'!O12,Timesheet!$C$13:$C$11461,'Mês 1'!$G$40) -> 0 | V12: =SUMIFS(Timesheet!$F$13:$F$11461,Timesheet!$A$13:$A$11461,'Mês 1'!O12,Timesheet!$C$13:$C$11461,'Mês 1'!$V$3) -> 0 | W12: =SUMIFS(Timesheet!$F$13:$F$11461,Timesheet!$A$13:$A$11461,'Mês 1'!O12,Timesheet!$C$13:$C$11461,'Mês 1'!$W$3) -> 0 | X12: =SUMIFS(Timesheet!$F$13:$F$11461,Timesheet!$A$13:$A$11461,'Mês 1'!O12,Timesheet!$C$13:$C$11461,'Mês 1'!$X$3) -> 0 | Y12: =SUM(P12:W12) -> 0 | Z12: {=MIN(IF(Timesheet!$A$13:$A$11483='Mês 1'!O12,Timesheet!$D$13:$D$11483))} -> 0 | AA12: {=MAX(IF(Timesheet!$A$13:$A$11483='Mês 1'!O12,Timesheet!$E$13:$E$11483))} -> 0
A13: 44936 | B13: =SUMIFS(Timesheet!$F$13:$F$11461,Timesheet!$A$13:$A$11461,'Mês 1'!A13,Timesheet!$C$13:$C$11461,'Mês 1'!$B$40) -> 0 | C13: =SUMIFS(Timesheet!$F$13:$F$11461,Timesheet!$A$13:$A$11461,'Mês 1'!A13,Timesheet!$C$13:$C$11461,'Mês 1'!$C$40) -> 0 | D13: =SUMIFS(Timesheet!$F$13:$F$11461,Timesheet!$A$13:$A$11461,'Mês 1'!A13,Timesheet!$C$13:$C$11461,'Mês 1'!$D$40) -> 0 | E13: =SUMIFS(Timesheet!$F$13:$F$11461,Timesheet!$A$13:$A$11461,'Mês 1'!A13,Timesheet!$C$13:$C$11461,'Mês 1'!$E$40) -> 0 | F13: =SUMIFS(Timesheet!$F$13:$F$11461,Timesheet!$A$13:$A$11461,'Mês 1'!A13,Timesheet!$C$13:$C$11461,'Mês 1'!$F$40) -> 0 | G13: =SUMIFS(Timesheet!$F$13:$F$11461,Timesheet!$A$13:$A$11461,'Mês 1'!A13,Timesheet!$C$13:$C$11461,'Mês 1'!$G$40) -> 0 | H13: =SUMIFS(Timesheet!$F$13:$F$2615,Timesheet!$A$13:$A$2615,'Mês 1'!A13,Timesheet!$C$13:$C$2615,'Mês 1'!$H$3) -> 0 | I13: =SUMIFS(Timesheet!$F$13:$F$2615,Timesheet!$A$13:$A$2615,'Mês 1'!A13,Timesheet!$C$13:$C$2615,'Mês 1'!$I$3) -> 0 | J13: =SUMIFS(Timesheet!$F$13:$F$2615,Timesheet!$A$13:$A$2615,'Mês 1'!A13,Timesheet!$C$13:$C$2615,'Mês 1'!$J$3) -> 0 | K13: =SUM(B13:I13) -> 0 | L13: {=MIN(IF(Timesheet!$A$13:$A$11483='Mês 1'!A13,Timesheet!$D$13:$D$11483))} -> 0 | M13: {=MAX(IF(Timesheet!$A$13:$A$11483='Mês 1'!A13,Timesheet!$E$13:$E$11483))} -> 0 | O13: 44967 | P13: =SUMIFS(Timesheet!$F$13:$F$11461,Timesheet!$A$13:$A$11461,'Mês 1'!O13,Timesheet!$C$13:$C$11461,'Mês 1'!$B$40) -> 0 | Q13: =SUMIFS(Timesheet!$F$13:$F$11461,Timesheet!$A$13:$A$11461,'Mês 1'!O13,Timesheet!$C$13:$C$11461,'Mês 1'!$C$40) -> 0 | R13: =SUMIFS(Timesheet!$F$13:$F$11461,Timesheet!$A$13:$A$11461,'Mês 1'!O13,Timesheet!$C$13:$C$11461,'Mês 1'!$D$40) -> 0 | S13: =SUMIFS(Timesheet!$F$13:$F$11461,Timesheet!$A$13:$A$11461,'Mês 1'!O13,Timesheet!$C$13:$C$11461,'Mês 1'!$E$40) -> 0 | T13: =SUMIFS(Timesheet!$F$13:$F$11461,Timesheet!$A$13:$A$11461,'Mês 1'!O13,Timesheet!$C$13:$C$11461,'Mês 1'!$F$40) -> 0 | U13: =SUMIFS(Timesheet!$F$13:$F$11461,Timesheet!$A$13:$A$11461,'Mês 1'!O13,Timesheet!$C$13:$C$11461,'Mês 1'!$G$40) -> 0 | V13: =SUMIFS(Timesheet!$F$13:$F$11461,Timesheet!$A$13:$A$11461,'Mês 1'!O13,Timesheet!$C$13:$C$11461,'Mês 1'!$V$3) -> 0 | W13: =SUMIFS(Timesheet!$F$13:$F$11461,Timesheet!$A$13:$A$11461,'Mês 1'!O13,Timesheet!$C$13:$C$11461,'Mês 1'!$W$3) -> 0 | X13: =SUMIFS(Timesheet!$F$13:$F$11461,Timesheet!$A$13:$A$11461,'Mês 1'!O13,Timesheet!$C$13:$C$11461,'Mês 1'!$X$3) -> 0 | Y13: =SUM(P13:W13) -> 0 | Z13: {=MIN(IF(Timesheet!$A$13:$A$11483='Mês 1'!O13,Timesheet!$D$13:$D$11483))} -> 0 | AA13: {=MAX(IF(Timesheet!$A$13:$A$11483='Mês 1'!O13,Timesheet!$E$13:$E$11483))} -> 0
A14: 44937 | B14: =SUMIFS(Timesheet!$F$13:$F$11461,Timesheet!$A$13:$A$11461,'Mês 1'!A14,Timesheet!$C$13:$C$11461,'Mês 1'!$B$40) -> 0 | C14: =SUMIFS(Timesheet!$F$13:$F$11461,Timesheet!$A$13:$A$11461,'Mês 1'!A14,Timesheet!$C$13:$C$11461,'Mês 1'!$C$40) -> 0 | D14: =SUMIFS(Timesheet!$F$13:$F$11461,Timesheet!$A$13:$A$11461,'Mês 1'!A14,Timesheet!$C$13:$C$11461,'Mês 1'!$D$40) -> 0 | E14: =SUMIFS(Timesheet!$F$13:$F$11461,Timesheet!$A$13:$A$11461,'Mês 1'!A14,Timesheet!$C$13:$C$11461,'Mês 1'!$E$40) -> 0 | F14: =SUMIFS(Timesheet!$F$13:$F$11461,Timesheet!$A$13:$A$11461,'Mês 1'!A14,Timesheet!$C$13:$C$11461,'Mês 1'!$F$40) -> 0 | G14: =SUMIFS(Timesheet!$F$13:$F$11461,Timesheet!$A$13:$A$11461,'Mês 1'!A14,Timesheet!$C$13:$C$11461,'Mês 1'!$G$40) -> 0 | H14: =SUMIFS(Timesheet!$F$13:$F$2615,Timesheet!$A$13:$A$2615,'Mês 1'!A14,Timesheet!$C$13:$C$2615,'Mês 1'!$H$3) -> 0 | I14: =SUMIFS(Timesheet!$F$13:$F$2615,Timesheet!$A$13:$A$2615,'Mês 1'!A14,Timesheet!$C$13:$C$2615,'Mês 1'!$I$3) -> 0 | J14: =SUMIFS(Timesheet!$F$13:$F$2615,Timesheet!$A$13:$A$2615,'Mês 1'!A14,Timesheet!$C$13:$C$2615,'Mês 1'!$J$3) -> 0 | K14: =SUM(B14:I14) -> 0 | L14: {=MIN(IF(Timesheet!$A$13:$A$11483='Mês 1'!A14,Timesheet!$D$13:$D$11483))} -> 0 | M14: {=MAX(IF(Timesheet!$A$13:$A$11483='Mês 1'!A14,Timesheet!$E$13:$E$11483))} -> 0 | O14: 44968 | P14: =SUMIFS(Timesheet!$F$13:$F$11461,Timesheet!$A$13:$A$11461,'Mês 1'!O14,Timesheet!$C$13:$C$11461,'Mês 1'!$B$40) -> 0 | Q14: =SUMIFS(Timesheet!$F$13:$F$11461,Timesheet!$A$13:$A$11461,'Mês 1'!O14,Timesheet!$C$13:$C$11461,'Mês 1'!$C$40) -> 0 | R14: =SUMIFS(Timesheet!$F$13:$F$11461,Timesheet!$A$13:$A$11461,'Mês 1'!O14,Timesheet!$C$13:$C$11461,'Mês 1'!$D$40) -> 0 | S14: =SUMIFS(Timesheet!$F$13:$F$11461,Timesheet!$A$13:$A$11461,'Mês 1'!O14,Timesheet!$C$13:$C$11461,'Mês 1'!$E$40) -> 0 | T14: =SUMIFS(Timesheet!$F$13:$F$11461,Timesheet!$A$13:$A$11461,'Mês 1'!O14,Timesheet!$C$13:$C$11461,'Mês 1'!$F$40) -> 0 | U14: =SUMIFS(Timesheet!$F$13:$F$11461,Timesheet!$A$13:$A$11461,'Mês 1'!O14,Timesheet!$C$13:$C$11461,'Mês 1'!$G$40) -> 0 | V14: =SUMIFS(Timesheet!$F$13:$F$11461,Timesheet!$A$13:$A$11461,'Mês 1'!O14,Timesheet!$C$13:$C$11461,'Mês 1'!$V$3) -> 0 | W14: =SUMIFS(Timesheet!$F$13:$F$11461,Timesheet!$A$13:$A$11461,'Mês 1'!O14,Timesheet!$C$13:$C$11461,'Mês 1'!$W$3) -> 0 | X14: =SUMIFS(Timesheet!$F$13:$F$11461,Timesheet!$A$13:$A$11461,'Mês 1'!O14,Timesheet!$C$13:$C$11461,'Mês 1'!$X$3) -> 0 | Y14: =SUM(P14:W14) -> 0 | Z14: {=MIN(IF(Timesheet!$A$13:$A$11483='Mês 1'!O14,Timesheet!$D$13:$D$11483))} -> 0 | AA14: {=MAX(IF(Timesheet!$A$13:$A$11483='Mês 1'!O14,Timesheet!$E$13:$E$11483))} -> 0
A15: 44938 | B15: =SUMIFS(Timesheet!$F$13:$F$11461,Timesheet!$A$13:$A$11461,'Mês 1'!A15,Timesheet!$C$13:$C$11461,'Mês 1'!$B$40) -> 0 | C15: =SUMIFS(Timesheet!$F$13:$F$11461,Timesheet!$A$13:$A$11461,'Mês 1'!A15,Timesheet!$C$13:$C$11461,'Mês 1'!$C$40) -> 0 | D15: =SUMIFS(Timesheet!$F$13:$F$11461,Timesheet!$A$13:$A$11461,'Mês 1'!A15,Timesheet!$C$13:$C$11461,'Mês 1'!$D$40) -> 0 | E15: =SUMIFS(Timesheet!$F$13:$F$11461,Timesheet!$A$13:$A$11461,'Mês 1'!A15,Timesheet!$C$13:$C$11461,'Mês 1'!$E$40) -> 0 | F15: =SUMIFS(Timesheet!$F$13:$F$11461,Timesheet!$A$13:$A$11461,'Mês 1'!A15,Timesheet!$C$13:$C$11461,'Mês 1'!$F$40) -> 0 | G15: =SUMIFS(Timesheet!$F$13:$F$11461,Timesheet!$A$13:$A$11461,'Mês 1'!A15,Timesheet!$C$13:$C$11461,'Mês 1'!$G$40) -> 0 | H15: =SUMIFS(Timesheet!$F$13:$F$2615,Timesheet!$A$13:$A$2615,'Mês 1'!A15,Timesheet!$C$13:$C$2615,'Mês 1'!$H$3) -> 0 | I15: =SUMIFS(Timesheet!$F$13:$F$2615,Timesheet!$A$13:$A$2615,'Mês 1'!A15,Timesheet!$C$13:$C$2615,'Mês 1'!$I$3) -> 0 | J15: =SUMIFS(Timesheet!$F$13:$F$2615,Timesheet!$A$13:$A$2615,'Mês 1'!A15,Timesheet!$C$13:$C$2615,'Mês 1'!$J$3) -> 0 | K15: =SUM(B15:I15) -> 0 | L15: {=MIN(IF(Timesheet!$A$13:$A$11483='Mês 1'!A15,Timesheet!$D$13:$D$11483))} -> 0 | M15: {=MAX(IF(Timesheet!$A$13:$A$11483='Mês 1'!A15,Timesheet!$E$13:$E$11483))} -> 0 | O15: 44969 | P15: =SUMIFS(Timesheet!$F$13:$F$11461,Timesheet!$A$13:$A$11461,'Mês 1'!O15,Timesheet!$C$13:$C$11461,'Mês 1'!$B$40) -> 0 | Q15: =SUMIFS(Timesheet!$F$13:$F$11461,Timesheet!$A$13:$A$11461,'Mês 1'!O15,Timesheet!$C$13:$C$11461,'Mês 1'!$C$40) -> 0 | R15: =SUMIFS(Timesheet!$F$13:$F$11461,Timesheet!$A$13:$A$11461,'Mês 1'!O15,Timesheet!$C$13:$C$11461,'Mês 1'!$D$40) -> 0 | S15: =SUMIFS(Timesheet!$F$13:$F$11461,Timesheet!$A$13:$A$11461,'Mês 1'!O15,Timesheet!$C$13:$C$11461,'Mês 1'!$E$40) -> 0 | T15: =SUMIFS(Timesheet!$F$13:$F$11461,Timesheet!$A$13:$A$11461,'Mês 1'!O15,Timesheet!$C$13:$C$11461,'Mês 1'!$F$40) -> 0 | U15: =SUMIFS(Timesheet!$F$13:$F$11461,Timesheet!$A$13:$A$11461,'Mês 1'!O15,Timesheet!$C$13:$C$11461,'Mês 1'!$G$40) -> 0 | V15: =SUMIFS(Timesheet!$F$13:$F$11461,Timesheet!$A$13:$A$11461,'Mês 1'!O15,Timesheet!$C$13:$C$11461,'Mês 1'!$V$3) -> 0 | W15: =SUMIFS(Timesheet!$F$13:$F$11461,Timesheet!$A$13:$A$11461,'Mês 1'!O15,Timesheet!$C$13:$C$11461,'Mês 1'!$W$3) -> 0 | X15: =SUMIFS(Timesheet!$F$13:$F$11461,Timesheet!$A$13:$A$11461,'Mês 1'!O15,Timesheet!$C$13:$C$11461,'Mês 1'!$X$3) -> 0 | Y15: =SUM(P15:W15) -> 0 | Z15: {=MIN(IF(Timesheet!$A$13:$A$11483='Mês 1'!O15,Timesheet!$D$13:$D$11483))} -> 0 | AA15: {=MAX(IF(Timesheet!$A$13:$A$11483='Mês 1'!O15,Timesheet!$E$13:$E$11483))} -> 0
... A31: 44954 | B31: =SUMIFS(Timesheet!$F$13:$F$11461,Timesheet!$A$13:$A$11461,'Mês 1'!A31,Timesheet!$C$13:$C$11461,'Mês 1'!$B$40) -> 0 | C31: =SUMIFS(Timesheet!$F$13:$F$11461,Timesheet!$A$13:$A$11461,'Mês 1'!A31,Timesheet!$C$13:$C$11461,'Mês 1'!$C$40) -> 0 | D31: =SUMIFS(Timesheet!$F$13:$F$11461,Timesheet!$A$13:$A$11461,'Mês 1'!A31,Timesheet!$C$13:$C$11461,'Mês 1'!$D$40) -> 0 | E31: =SUMIFS(Timesheet!$F$13:$F$11461,Timesheet!$A$13:$A$11461,'Mês 1'!A31,Timesheet!$C$13:$C$11461,'Mês 1'!$E$40) -> 0 | F31: =SUMIFS(Timesheet!$F$13:$F$11461,Timesheet!$A$13:$A$11461,'Mês 1'!A31,Timesheet!$C$13:$C$11461,'Mês 1'!$F$40) -> 0 | G31: =SUMIFS(Timesheet!$F$13:$F$11461,Timesheet!$A$13:$A$11461,'Mês 1'!A31,Timesheet!$C$13:$C$11461,'Mês 1'!$G$40) -> 0 | H31: =SUMIFS(Timesheet!$F$13:$F$2615,Timesheet!$A$13:$A$2615,'Mês 1'!A31,Timesheet!$C$13:$C$2615,'Mês 1'!$H$3) -> 0 | I31: =SUMIFS(Timesheet!$F$13:$F$2615,Timesheet!$A$13:$A$2615,'Mês 1'!A31,Timesheet!$C$13:$C$2615,'Mês 1'!$I$3) -> 0 | J31: =SUMIFS(Timesheet!$F$13:$F$2615,Timesheet!$A$13:$A$2615,'Mês 1'!A31,Timesheet!$C$13:$C$2615,'Mês 1'!$J$3) -> 0 | K31: =SUM(B31:I31) -> 0 | L31: {=MIN(IF(Timesheet!$A$13:$A$11483='Mês 1'!A31,Timesheet!$D$13:$D$11483))} -> 0 | M31: {=MAX(IF(Timesheet!$A$13:$A$11483='Mês 1'!A31,Timesheet!$E$13:$E$11483))} -> 0 | O31: 44985 | P31: =SUMIFS(Timesheet!$F$13:$F$11461,Timesheet!$A$13:$A$11461,'Mês 1'!O31,Timesheet!$C$13:$C$11461,'Mês 1'!$B$40) -> 0 | Q31: =SUMIFS(Timesheet!$F$13:$F$11461,Timesheet!$A$13:$A$11461,'Mês 1'!O31,Timesheet!$C$13:$C$11461,'Mês 1'!$C$40) -> 0 | R31: =SUMIFS(Timesheet!$F$13:$F$11461,Timesheet!$A$13:$A$11461,'Mês 1'!O31,Timesheet!$C$13:$C$11461,'Mês 1'!$D$40) -> 0 | S31: =SUMIFS(Timesheet!$F$13:$F$11461,Timesheet!$A$13:$A$11461,'Mês 1'!O31,Timesheet!$C$13:$C$11461,'Mês 1'!$E$40) -> 0 | T31: =SUMIFS(Timesheet!$F$13:$F$11461,Timesheet!$A$13:$A$11461,'Mês 1'!O31,Timesheet!$C$13:$C$11461,'Mês 1'!$F$40) -> 0 | U31: =SUMIFS(Timesheet!$F$13:$F$11461,Timesheet!$A$13:$A$11461,'Mês 1'!O31,Timesheet!$C$13:$C$11461,'Mês 1'!$G$40) -> 0 | V31: =SUMIFS(Timesheet!$F$13:$F$11461,Timesheet!$A$13:$A$11461,'Mês 1'!O31,Timesheet!$C$13:$C$11461,'Mês 1'!$V$3) -> 0 | W31: =SUMIFS(Timesheet!$F$13:$F$11461,Timesheet!$A$13:$A$11461,'Mês 1'!O31,Timesheet!$C$13:$C$11461,'Mês 1'!$W$3) -> 0 | X31: =SUMIFS(Timesheet!$F$13:$F$11461,Timesheet!$A$13:$A$11461,'Mês 1'!O31,Timesheet!$C$13:$C$11461,'Mês 1'!$X$3) -> 0 | Y31: =SUM(P31:W31) -> 0 | Z31: {=MIN(IF(Timesheet!$A$13:$A$11483='Mês 1'!O31,Timesheet!$D$13:$D$11483))} -> 0 | AA31: {=MAX(IF(Timesheet!$A$13:$A$11483='Mês 1'!O31,Timesheet!$E$13:$E$11483))} -> 0
A32: 44955 | B32: =SUMIFS(Timesheet!$F$13:$F$11461,Timesheet!$A$13:$A$11461,'Mês 1'!A32,Timesheet!$C$13:$C$11461,'Mês 1'!$B$40) -> 0 | C32: =SUMIFS(Timesheet!$F$13:$F$11461,Timesheet!$A$13:$A$11461,'Mês 1'!A32,Timesheet!$C$13:$C$11461,'Mês 1'!$C$40) -> 0 | D32: =SUMIFS(Timesheet!$F$13:$F$11461,Timesheet!$A$13:$A$11461,'Mês 1'!A32,Timesheet!$C$13:$C$11461,'Mês 1'!$D$40) -> 0 | E32: =SUMIFS(Timesheet!$F$13:$F$11461,Timesheet!$A$13:$A$11461,'Mês 1'!A32,Timesheet!$C$13:$C$11461,'Mês 1'!$E$40) -> 0 | F32: =SUMIFS(Timesheet!$F$13:$F$11461,Timesheet!$A$13:$A$11461,'Mês 1'!A32,Timesheet!$C$13:$C$11461,'Mês 1'!$F$40) -> 0 | G32: =SUMIFS(Timesheet!$F$13:$F$11461,Timesheet!$A$13:$A$11461,'Mês 1'!A32,Timesheet!$C$13:$C$11461,'Mês 1'!$G$40) -> 0 | H32: =SUMIFS(Timesheet!$F$13:$F$2615,Timesheet!$A$13:$A$2615,'Mês 1'!A32,Timesheet!$C$13:$C$2615,'Mês 1'!$H$3) -> 0 | I32: =SUMIFS(Timesheet!$F$13:$F$2615,Timesheet!$A$13:$A$2615,'Mês 1'!A32,Timesheet!$C$13:$C$2615,'Mês 1'!$I$3) -> 0 | J32: =SUMIFS(Timesheet!$F$13:$F$2615,Timesheet!$A$13:$A$2615,'Mês 1'!A32,Timesheet!$C$13:$C$2615,'Mês 1'!$J$3) -> 0 | K32: =SUM(B32:I32) -> 0 | L32: {=MIN(IF(Timesheet!$A$13:$A$11483='Mês 1'!A32,Timesheet!$D$13:$D$11483))} -> 0 | M32: {=MAX(IF(Timesheet!$A$13:$A$11483='Mês 1'!A32,Timesheet!$E$13:$E$11483))} -> 0 | O32: Total | P32: =+SUM(P4:P31) -> 0 | Q32: =+SUM(Q4:Q31) -> 0 | R32: =+SUM(R4:R31) -> 0 | S32: =+SUM(S4:S31) -> 0 | T32: =+SUM(T4:T31) -> 0 | U32: =+SUM(U4:U31) -> 0 | V32: =+SUM(V4:V31) -> 0 | W32: =+SUM(W4:W31) -> 0 | ... Y32: =+SUM(Y4:Y31) -> 0 | Z32: =AVERAGEIF(Z4:Z31,">0") -> #DIV/0! | AA32: =AVERAGEIF(AA4:AA31, ">0") -> #DIV/0!
A33: 44956 | B33: =SUMIFS(Timesheet!$F$13:$F$11461,Timesheet!$A$13:$A$11461,'Mês 1'!A33,Timesheet!$C$13:$C$11461,'Mês 1'!$B$40) -> 0 | C33: =SUMIFS(Timesheet!$F$13:$F$11461,Timesheet!$A$13:$A$11461,'Mês 1'!A33,Timesheet!$C$13:$C$11461,'Mês 1'!$C$40) -> 0 | D33: =SUMIFS(Timesheet!$F$13:$F$11461,Timesheet!$A$13:$A$11461,'Mês 1'!A33,Timesheet!$C$13:$C$11461,'Mês 1'!$D$40) -> 0 | E33: =SUMIFS(Timesheet!$F$13:$F$11461,Timesheet!$A$13:$A$11461,'Mês 1'!A33,Timesheet!$C$13:$C$11461,'Mês 1'!$E$40) -> 0 | F33: =SUMIFS(Timesheet!$F$13:$F$11461,Timesheet!$A$13:$A$11461,'Mês 1'!A33,Timesheet!$C$13:$C$11461,'Mês 1'!$F$40) -> 0 | G33: =SUMIFS(Timesheet!$F$13:$F$11461,Timesheet!$A$13:$A$11461,'Mês 1'!A33,Timesheet!$C$13:$C$11461,'Mês 1'!$G$40) -> 0 | H33: =SUMIFS(Timesheet!$F$13:$F$2615,Timesheet!$A$13:$A$2615,'Mês 1'!A33,Timesheet!$C$13:$C$2615,'Mês 1'!$H$3) -> 0 | I33: =SUMIFS(Timesheet!$F$13:$F$2615,Timesheet!$A$13:$A$2615,'Mês 1'!A33,Timesheet!$C$13:$C$2615,'Mês 1'!$I$3) -> 0 | J33: =SUMIFS(Timesheet!$F$13:$F$2615,Timesheet!$A$13:$A$2615,'Mês 1'!A33,Timesheet!$C$13:$C$2615,'Mês 1'!$J$3) -> 0 | K33: =SUM(B33:I33) -> 0 | L33: {=MIN(IF(Timesheet!$A$13:$A$11483='Mês 1'!A33,Timesheet!$D$13:$D$11483))} -> 0 | M33: {=MAX(IF(Timesheet!$A$13:$A$11483='Mês 1'!A33,Timesheet!$E$13:$E$11483))} -> 0
A34: 44957 | B34: =SUMIFS(Timesheet!$F$13:$F$11461,Timesheet!$A$13:$A$11461,'Mês 1'!A34,Timesheet!$C$13:$C$11461,'Mês 1'!$B$40) -> 0 | C34: =SUMIFS(Timesheet!$F$13:$F$11461,Timesheet!$A$13:$A$11461,'Mês 1'!A34,Timesheet!$C$13:$C$11461,'Mês 1'!$C$40) -> 0 | D34: =SUMIFS(Timesheet!$F$13:$F$11461,Timesheet!$A$13:$A$11461,'Mês 1'!A34,Timesheet!$C$13:$C$11461,'Mês 1'!$D$40) -> 0 | E34: =SUMIFS(Timesheet!$F$13:$F$11461,Timesheet!$A$13:$A$11461,'Mês 1'!A34,Timesheet!$C$13:$C$11461,'Mês 1'!$E$40) -> 0 | F34: =SUMIFS(Timesheet!$F$13:$F$11461,Timesheet!$A$13:$A$11461,'Mês 1'!A34,Timesheet!$C$13:$C$11461,'Mês 1'!$F$40) -> 0 | G34: =SUMIFS(Timesheet!$F$13:$F$11461,Timesheet!$A$13:$A$11461,'Mês 1'!A34,Timesheet!$C$13:$C$11461,'Mês 1'!$G$40) -> 0 | H34: =SUMIFS(Timesheet!$F$13:$F$2615,Timesheet!$A$13:$A$2615,'Mês 1'!A34,Timesheet!$C$13:$C$2615,'Mês 1'!$H$3) -> 0 | I34: =SUMIFS(Timesheet!$F$13:$F$2615,Timesheet!$A$13:$A$2615,'Mês 1'!A34,Timesheet!$C$13:$C$2615,'Mês 1'!$I$3) -> 0 | J34: =SUMIFS(Timesheet!$F$13:$F$2615,Timesheet!$A$13:$A$2615,'Mês 1'!A34,Timesheet!$C$13:$C$2615,'Mês 1'!$J$3) -> 0 | K34: =SUM(B34:I34) -> 0 | L34: {=MIN(IF(Timesheet!$A$13:$A$11483='Mês 1'!A34,Timesheet!$D$13:$D$11483))} -> 0 | M34: {=MAX(IF(Timesheet!$A$13:$A$11483='Mês 1'!A34,Timesheet!$E$13:$E$11483))} -> 0
A35: Total | B35: =+SUM(B4:B34) -> 0 | C35: =+SUM(C4:C34) -> 0 | D35: =+SUM(D4:D34) -> 0 | E35: =+SUM(E4:E34) -> 0 | F35: =+SUM(F4:F34) -> 0 | G35: =+SUM(G4:G34) -> 0 | H35: =+SUM(H4:H34) -> 0 | I35: =+SUM(I4:I34) -> 0 | ... K35: =+SUM(K4:K34) -> 0 | L35: =AVERAGEIF(L4:L34,">0") -> #DIV/0! | M35: =AVERAGEIF(M4:M34, ">0") -> #DIV/0!
A39: Mês | B39: Março | O39: Mês | P39: Maio | AC39: Mês | AD39: Julho | AQ39: Mês | AR39: Setembro | BE39: Mês | BF39: Novembro
A40: Data | B40: Análise | C40: Elaboração | D40: Gestão | E40: Outro | F40: Reunião | G40: Revisão | H40: Suporte | I40: Execução | J40: Pesquisa | K40: Total | L40: Entrada | M40: Saída | O40: Data | P40: Análise | Q40: Elaboração | R40: Gestão | S40: Outro | T40: Reunião | U40: Revisão | V40: Suporte | W40: Execução | X40: Pesquisa | Y40: Total | Z40: Entrada | AA40: Saída | AC40: Data | AD40: Análise | AE40: Elaboração | AF40: Gestão | AG40: Outro | AH40: Reunião | AI40: Revisão | AJ40: Suporte | AK40: Execução | AL40: Pesquisa | AM40: Total | AN40: Entrada | AO40: Saída | AQ40: Data | AR40: Análise | AS40: Elaboração | AT40: Gestão | AU40: Outro | AV40: Reunião | AW40: Revisão | AX40: Suporte | AY40: Execução | AZ40: Pesquisa | BA40: Total | BB40: Entrada | BC40: Saída | BE40: Data | BF40: Análise | BG40: Elaboração | BH40: Gestão | BI40: Outro | BJ40: Reunião | BK40: Revisão | BL40: Suporte | BM40: Execução | BN40: Pesquisa | BO40: Total | BP40: Entrada | BQ40: Saída
A41: 44986 | B41: =SUMIFS(Timesheet!$F$13:$F$11461,Timesheet!$A$13:$A$11461,'Mês 1'!A41,Timesheet!$C$13:$C$11461,'Mês 1'!$B$40) -> 0 | C41: =SUMIFS(Timesheet!$F$13:$F$11461,Timesheet!$A$13:$A$11461,'Mês 1'!A41,Timesheet!$C$13:$C$11461,'Mês 1'!$C$40) -> 0 | D41: =SUMIFS(Timesheet!$F$13:$F$11461,Timesheet!$A$13:$A$11461,'Mês 1'!A41,Timesheet!$C$13:$C$11461,'Mês 1'!$D$40) -> 0 | E41: =SUMIFS(Timesheet!$F$13:$F$11461,Timesheet!$A$13:$A$11461,'Mês 1'!A41,Timesheet!$C$13:$C$11461,'Mês 1'!$E$40) -> 0 | F41: =SUMIFS(Timesheet!$F$13:$F$11461,Timesheet!$A$13:$A$11461,'Mês 1'!A41,Timesheet!$C$13:$C$11461,'Mês 1'!$F$40) -> 0 | G41: =SUMIFS(Timesheet!$F$13:$F$11461,Timesheet!$A$13:$A$11461,'Mês 1'!A41,Timesheet!$C$13:$C$11461,'Mês 1'!$G$40) -> 0 | H41: =SUMIFS(Timesheet!$F$13:$F$11461,Timesheet!$A$13:$A$11461,'Mês 1'!A41,Timesheet!$C$13:$C$11461,'Mês 1'!$H$40) -> 0 | I41: =SUMIFS(Timesheet!$F$13:$F$11461,Timesheet!$A$13:$A$11461,'Mês 1'!A41,Timesheet!$C$13:$C$11461,'Mês 1'!$I$40) -> 0 | J41: =SUMIFS(Timesheet!$F$13:$F$11461,Timesheet!$A$13:$A$11461,'Mês 1'!A41,Timesheet!$C$13:$C$11461,'Mês 1'!$J$40) -> 0 | K41: =SUM(B41:I41) -> 0 | L41: {=MIN(IF(Timesheet!$A$13:$A$11483='Mês 1'!A41,Timesheet!$D$13:$D$11483))} -> 0 | M41: {=MAX(IF(Timesheet!$A$13:$A$11483='Mês 1'!A41,Timesheet!$E$13:$E$11483))} -> 0 | O41: 45047 | P41: =SUMIFS(Timesheet!$F$13:$F$11461,Timesheet!$A$13:$A$11461,'Mês 1'!O41,Timesheet!$C$13:$C$11461,'Mês 1'!$P$40) -> 0 | Q41: =SUMIFS(Timesheet!$F$13:$F$11461,Timesheet!$A$13:$A$11461,'Mês 1'!O41,Timesheet!$C$13:$C$11461,'Mês 1'!$Q$40) -> 0 | R41: =SUMIFS(Timesheet!$F$13:$F$11461,Timesheet!$A$13:$A$11461,'Mês 1'!O41,Timesheet!$C$13:$C$11461,'Mês 1'!$R$40) -> 0 | S41: =SUMIFS(Timesheet!$F$13:$F$11461,Timesheet!$A$13:$A$11461,'Mês 1'!O41,Timesheet!$C$13:$C$11461,'Mês 1'!$S$40) -> 0 | T41: =SUMIFS(Timesheet!$F$13:$F$11461,Timesheet!$A$13:$A$11461,'Mês 1'!O41,Timesheet!$C$13:$C$11461,'Mês 1'!$T$40) -> 0 | U41: =SUMIFS(Timesheet!$F$13:$F$11461,Timesheet!$A$13:$A$11461,'Mês 1'!O41,Timesheet!$C$13:$C$11461,'Mês 1'!$U$40) -> 0 | V41: =SUMIFS(Timesheet!$F$13:$F$11461,Timesheet!$A$13:$A$11461,'Mês 1'!O41,Timesheet!$C$13:$C$11461,'Mês 1'!$V$40) -> 0 | W41: =SUMIFS(Timesheet!$F$13:$F$11461,Timesheet!$A$13:$A$11461,'Mês 1'!O41,Timesheet!$C$13:$C$11461,'Mês 1'!$W$40) -> 0 | X41: =SUMIFS(Timesheet!$F$13:$F$11461,Timesheet!$A$13:$A$11461,'Mês 1'!O41,Timesheet!$C$13:$C$11461,'Mês 1'!$X$40) -> 0 | Y41: =SUM(P41:W41) -> 0 | Z41: {=MIN(IF(Timesheet!$A$13:$A$11483='Mês 1'!O41,Timesheet!$D$13:$D$11483))} -> 0 | AA41: {=MAX(IF(Timesheet!$A$13:$A$11483='Mês 1'!O41,Timesheet!$E$13:$E$11483))} -> 0 | AC41: 45108 | AD41: =SUMIFS(Timesheet!$F$13:$F$11461,Timesheet!$A$13:$A$11461,'Mês 1'!AC41,Timesheet!$C$13:$C$11461,'Mês 1'!$AD$40) -> 0 | AE41: =SUMIFS(Timesheet!$F$13:$F$11461,Timesheet!$A$13:$A$11461,'Mês 1'!AC41,Timesheet!$C$13:$C$11461,'Mês 1'!$AE$40) -> 0 | AF41: =SUMIFS(Timesheet!$F$13:$F$11461,Timesheet!$A$13:$A$11461,'Mês 1'!AC41,Timesheet!$C$13:$C$11461,'Mês 1'!$AF$40) -> 0 | AG41: =SUMIFS(Timesheet!$F$13:$F$11461,Timesheet!$A$13:$A$11461,'Mês 1'!AC41,Timesheet!$C$13:$C$11461,'Mês 1'!$AG$40) -> 0 | AH41: =SUMIFS(Timesheet!$F$13:$F$11461,Timesheet!$A$13:$A$11461,'Mês 1'!AC41,Timesheet!$C$13:$C$11461,'Mês 1'!$AH$40) -> 0 | AI41: =SUMIFS(Timesheet!$F$13:$F$11461,Timesheet!$A$13:$A$11461,'Mês 1'!AC41,Timesheet!$C$13:$C$11461,'Mês 1'!$AI$40) -> 0 | AJ41: =SUMIFS(Timesheet!$F$13:$F$11461,Timesheet!$A$13:$A$11461,'Mês 1'!AC41,Timesheet!$C$13:$C$11461,'Mês 1'!$AJ$40) -> 0 | AK41: =SUMIFS(Timesheet!$F$13:$F$11461,Timesheet!$A$13:$A$11461,'Mês 1'!AC41,Timesheet!$C$13:$C$11461,'Mês 1'!$AK$40) -> 0 | AL41: =SUMIFS(Timesheet!$F$13:$F$11461,Timesheet!$A$13:$A$11461,'Mês 1'!AC41,Timesheet!$C$13:$C$11461,'Mês 1'!$AL$40) -> 0 | AM41: =SUM(AD41:AK41) -> 0 | AN41: {=MIN(IF(Timesheet!$A$13:$A$11483='Mês 1'!AC41,Timesheet!$D$13:$D$11483))} -> 0 | AO41: {=MAX(IF(Timesheet!$A$13:$A$11483='Mês 1'!AC41,Timesheet!$E$13:$E$11483))} -> 0 | AQ41: 45170 | AR41: =SUMIFS(Timesheet!$F$13:$F$11461,Timesheet!$A$13:$A$11461,'Mês 1'!AQ41,Timesheet!$C$13:$C$11461,'Mês 1'!$AR$40) -> 0 | AS41: =SUMIFS(Timesheet!$F$13:$F$11461,Timesheet!$A$13:$A$11461,'Mês 1'!AQ41,Timesheet!$C$13:$C$11461,'Mês 1'!$AS$40) -> 0 | AT41: =SUMIFS(Timesheet!$F$13:$F$11461,Timesheet!$A$13:$A$11461,'Mês 1'!AQ41,Timesheet!$C$13:$C$11461,'Mês 1'!$AT$40) -> 0 | AU41: =SUMIFS(Timesheet!$F$13:$F$11461,Timesheet!$A$13:$A$11461,'Mês 1'!AQ41,Timesheet!$C$13:$C$11461,'Mês 1'!$AU$40) -> 0 | AV41: =SUMIFS(Timesheet!$F$13:$F$11461,Timesheet!$A$13:$A$11461,'Mês 1'!AQ41,Timesheet!$C$13:$C$11461,'Mês 1'!$AV$40) -> 0 | AW41: =SUMIFS(Timesheet!$F$13:$F$11461,Timesheet!$A$13:$A$11461,'Mês 1'!AQ41,Timesheet!$C$13:$C$11461,'Mês 1'!$AW$40) -> 0 | AX41: =SUMIFS(Timesheet!$F$13:$F$11461,Timesheet!$A$13:$A$11461,'Mês 1'!AQ41,Timesheet!$C$13:$C$11461,'Mês 1'!$AX$40) -> 0 | AY41: =SUMIFS(Timesheet!$F$13:$F$11461,Timesheet!$A$13:$A$11461,'Mês 1'!AQ41,Timesheet!$C$13:$C$11461,'Mês 1'!$AY$40) -> 0 | AZ41: =SUMIFS(Timesheet!$F$13:$F$11461,Timesheet!$A$13:$A$11461,'Mês 1'!AQ41,Timesheet!$C$13:$C$11461,'Mês 1'!$AZ$40) -> 0 | BA41: =SUM(AR41:AY41) -> 0 | BB41: {=MIN(IF(Timesheet!$A$13:$A$11483='Mês 1'!AQ41,Timesheet!$D$13:$D$11483))} -> 0 | BC41: {=MAX(IF(Timesheet!$A$13:$A$11483='Mês 1'!AQ41,Timesheet!$E$13:$E$11483))} -> 0 | BE41: 45231 | BF41: =SUMIFS(Timesheet!$F$13:$F$11461,Timesheet!$A$13:$A$11461,'Mês 1'!BE41,Timesheet!$C$13:$C$11461,'Mês 1'!$BF$40) -> 0 | BG41: =SUMIFS(Timesheet!$F$13:$F$11461,Timesheet!$A$13:$A$11461,'Mês 1'!BE41,Timesheet!$C$13:$C$11461,'Mês 1'!$BG$40) -> 0 | BH41: =SUMIFS(Timesheet!$F$13:$F$11461,Timesheet!$A$13:$A$11461,'Mês 1'!BE41,Timesheet!$C$13:$C$11461,'Mês 1'!$BH$40) -> 0 | BI41: =SUMIFS(Timesheet!$F$13:$F$11461,Timesheet!$A$13:$A$11461,'Mês 1'!BE41,Timesheet!$C$13:$C$11461,'Mês 1'!$BI$40) -> 0 | BJ41: =SUMIFS(Timesheet!$F$13:$F$11461,Timesheet!$A$13:$A$11461,'Mês 1'!BE41,Timesheet!$C$13:$C$11461,'Mês 1'!$BJ$40) -> 0 | BK41: =SUMIFS(Timesheet!$F$13:$F$11461,Timesheet!$A$13:$A$11461,'Mês 1'!BE41,Timesheet!$C$13:$C$11461,'Mês 1'!$BK$40) -> 0 | BL41: =SUMIFS(Timesheet!$F$13:$F$11461,Timesheet!$A$13:$A$11461,'Mês 1'!BE41,Timesheet!$C$13:$C$11461,'Mês 1'!$BL$40) -> 0 | BM41: =SUMIFS(Timesheet!$F$13:$F$11461,Timesheet!$A$13:$A$11461,'Mês 1'!BE41,Timesheet!$C$13:$C$11461,'Mês 1'!$BM$40) -> 0 | BN41: =SUMIFS(Timesheet!$F$13:$F$11461,Timesheet!$A$13:$A$11461,'Mês 1'!BE41,Timesheet!$C$13:$C$11461,'Mês 1'!$BN$40) -> 0 | BO41: =SUM(BF41:BM41) -> 0 | BP41: {=MIN(IF(Timesheet!$A$13:$A$11483='Mês 1'!BE41,Timesheet!$D$13:$D$11483))} -> 0 | BQ41: {=MAX(IF(Timesheet!$A$13:$A$11483='Mês 1'!BE41,Timesheet!$E$13:$E$11483))} -> 0
A42: 44987 | B42: =SUMIFS(Timesheet!$F$13:$F$11461,Timesheet!$A$13:$A$11461,'Mês 1'!A42,Timesheet!$C$13:$C$11461,'Mês 1'!$B$40) -> 0 | C42: =SUMIFS(Timesheet!$F$13:$F$11461,Timesheet!$A$13:$A$11461,'Mês 1'!A42,Timesheet!$C$13:$C$11461,'Mês 1'!$C$40) -> 0 | D42: =SUMIFS(Timesheet!$F$13:$F$11461,Timesheet!$A$13:$A$11461,'Mês 1'!A42,Timesheet!$C$13:$C$11461,'Mês 1'!$D$40) -> 0 | E42: =SUMIFS(Timesheet!$F$13:$F$11461,Timesheet!$A$13:$A$11461,'Mês 1'!A42,Timesheet!$C$13:$C$11461,'Mês 1'!$E$40) -> 0 | F42: =SUMIFS(Timesheet!$F$13:$F$11461,Timesheet!$A$13:$A$11461,'Mês 1'!A42,Timesheet!$C$13:$C$11461,'Mês 1'!$F$40) -> 0 | G42: =SUMIFS(Timesheet!$F$13:$F$11461,Timesheet!$A$13:$A$11461,'Mês 1'!A42,Timesheet!$C$13:$C$11461,'Mês 1'!$G$40) -> 0 | H42: =SUMIFS(Timesheet!$F$13:$F$11461,Timesheet!$A$13:$A$11461,'Mês 1'!A42,Timesheet!$C$13:$C$11461,'Mês 1'!$H$40) -> 0 | I42: =SUMIFS(Timesheet!$F$13:$F$11461,Timesheet!$A$13:$A$11461,'Mês 1'!A42,Timesheet!$C$13:$C$11461,'Mês 1'!$I$40) -> 0 | J42: =SUMIFS(Timesheet!$F$13:$F$11461,Timesheet!$A$13:$A$11461,'Mês 1'!A42,Timesheet!$C$13:$C$11461,'Mês 1'!$J$40) -> 0 | K42: =SUM(B42:I42) -> 0 | L42: {=MIN(IF(Timesheet!$A$13:$A$11483='Mês 1'!A42,Timesheet!$D$13:$D$11483))} -> 0 | M42: {=MAX(IF(Timesheet!$A$13:$A$11483='Mês 1'!A42,Timesheet!$E$13:$E$11483))} -> 0 | O42: 45048 | P42: =SUMIFS(Timesheet!$F$13:$F$11461,Timesheet!$A$13:$A$11461,'Mês 1'!O42,Timesheet!$C$13:$C$11461,'Mês 1'!$P$40) -> 0 | Q42: =SUMIFS(Timesheet!$F$13:$F$11461,Timesheet!$A$13:$A$11461,'Mês 1'!O42,Timesheet!$C$13:$C$11461,'Mês 1'!$Q$40) -> 0 | R42: =SUMIFS(Timesheet!$F$13:$F$11461,Timesheet!$A$13:$A$11461,'Mês 1'!O42,Timesheet!$C$13:$C$11461,'Mês 1'!$R$40) -> 0 | S42: =SUMIFS(Timesheet!$F$13:$F$11461,Timesheet!$A$13:$A$11461,'Mês 1'!O42,Timesheet!$C$13:$C$11461,'Mês 1'!$S$40) -> 0 | T42: =SUMIFS(Timesheet!$F$13:$F$11461,Timesheet!$A$13:$A$11461,'Mês 1'!O42,Timesheet!$C$13:$C$11461,'Mês 1'!$T$40) -> 0 | U42: =SUMIFS(Timesheet!$F$13:$F$11461,Timesheet!$A$13:$A$11461,'Mês 1'!O42,Timesheet!$C$13:$C$11461,'Mês 1'!$U$40) -> 0 | V42: =SUMIFS(Timesheet!$F$13:$F$11461,Timesheet!$A$13:$A$11461,'Mês 1'!O42,Timesheet!$C$13:$C$11461,'Mês 1'!$V$40) -> 0 | W42: =SUMIFS(Timesheet!$F$13:$F$11461,Timesheet!$A$13:$A$11461,'Mês 1'!O42,Timesheet!$C$13:$C$11461,'Mês 1'!$W$40) -> 0 | X42: =SUMIFS(Timesheet!$F$13:$F$11461,Timesheet!$A$13:$A$11461,'Mês 1'!O42,Timesheet!$C$13:$C$11461,'Mês 1'!$X$40) -> 0 | Y42: =SUM(P42:W42) -> 0 | Z42: {=MIN(IF(Timesheet!$A$13:$A$11483='Mês 1'!O42,Timesheet!$D$13:$D$11483))} -> 0 | AA42: {=MAX(IF(Timesheet!$A$13:$A$11483='Mês 1'!O42,Timesheet!$E$13:$E$11483))} -> 0 | AC42: 45109 | AD42: =SUMIFS(Timesheet!$F$13:$F$11461,Timesheet!$A$13:$A$11461,'Mês 1'!AC42,Timesheet!$C$13:$C$11461,'Mês 1'!$AD$40) -> 0 | AE42: =SUMIFS(Timesheet!$F$13:$F$11461,Timesheet!$A$13:$A$11461,'Mês 1'!AC42,Timesheet!$C$13:$C$11461,'Mês 1'!$AE$40) -> 0 | AF42: =SUMIFS(Timesheet!$F$13:$F$11461,Timesheet!$A$13:$A$11461,'Mês 1'!AC42,Timesheet!$C$13:$C$11461,'Mês 1'!$AF$40) -> 0 | AG42: =SUMIFS(Timesheet!$F$13:$F$11461,Timesheet!$A$13:$A$11461,'Mês 1'!AC42,Timesheet!$C$13:$C$11461,'Mês 1'!$AG$40) -> 0 | AH42: =SUMIFS(Timesheet!$F$13:$F$11461,Timesheet!$A$13:$A$11461,'Mês 1'!AC42,Timesheet!$C$13:$C$11461,'Mês 1'!$AH$40) -> 0 | AI42: =SUMIFS(Timesheet!$F$13:$F$11461,Timesheet!$A$13:$A$11461,'Mês 1'!AC42,Timesheet!$C$13:$C$11461,'Mês 1'!$AI$40) -> 0 | AJ42: =SUMIFS(Timesheet!$F$13:$F$11461,Timesheet!$A$13:$A$11461,'Mês 1'!AC42,Timesheet!$C$13:$C$11461,'Mês 1'!$AJ$40) -> 0 | AK42: =SUMIFS(Timesheet!$F$13:$F$11461,Timesheet!$A$13:$A$11461,'Mês 1'!AC42,Timesheet!$C$13:$C$11461,'Mês 1'!$AK$40) -> 0 | AL42: =SUMIFS(Timesheet!$F$13:$F$11461,Timesheet!$A$13:$A$11461,'Mês 1'!AC42,Timesheet!$C$13:$C$11461,'Mês 1'!$AL$40) -> 0 | AM42: =SUM(AD42:AK42) -> 0 | AN42: {=MIN(IF(Timesheet!$A$13:$A$11483='Mês 1'!AC42,Timesheet!$D$13:$D$11483))} -> 0 | AO42: {=MAX(IF(Timesheet!$A$13:$A$11483='Mês 1'!AC42,Timesheet!$E$13:$E$11483))} -> 0 | AQ42: 45171 | AR42: =SUMIFS(Timesheet!$F$13:$F$11461,Timesheet!$A$13:$A$11461,'Mês 1'!AQ42,Timesheet!$C$13:$C$11461,'Mês 1'!$AR$40) -> 0 | AS42: =SUMIFS(Timesheet!$F$13:$F$11461,Timesheet!$A$13:$A$11461,'Mês 1'!AQ42,Timesheet!$C$13:$C$11461,'Mês 1'!$AS$40) -> 0 | AT42: =SUMIFS(Timesheet!$F$13:$F$11461,Timesheet!$A$13:$A$11461,'Mês 1'!AQ42,Timesheet!$C$13:$C$11461,'Mês 1'!$AT$40) -> 0 | AU42: =SUMIFS(Timesheet!$F$13:$F$11461,Timesheet!$A$13:$A$11461,'Mês 1'!AQ42,Timesheet!$C$13:$C$11461,'Mês 1'!$AU$40) -> 0 | AV42: =SUMIFS(Timesheet!$F$13:$F$11461,Timesheet!$A$13:$A$11461,'Mês 1'!AQ42,Timesheet!$C$13:$C$11461,'Mês 1'!$AV$40) -> 0 | AW42: =SUMIFS(Timesheet!$F$13:$F$11461,Timesheet!$A$13:$A$11461,'Mês 1'!AQ42,Timesheet!$C$13:$C$11461,'Mês 1'!$AW$40) -> 0 | AX42: =SUMIFS(Timesheet!$F$13:$F$11461,Timesheet!$A$13:$A$11461,'Mês 1'!AQ42,Timesheet!$C$13:$C$11461,'Mês 1'!$AX$40) -> 0 | AY42: =SUMIFS(Timesheet!$F$13:$F$11461,Timesheet!$A$13:$A$11461,'Mês 1'!AQ42,Timesheet!$C$13:$C$11461,'Mês 1'!$AY$40) -> 0 | AZ42: =SUMIFS(Timesheet!$F$13:$F$11461,Timesheet!$A$13:$A$11461,'Mês 1'!AQ42,Timesheet!$C$13:$C$11461,'Mês 1'!$AZ$40) -> 0 | BA42: =SUM(AR42:AY42) -> 0 | BB42: {=MIN(IF(Timesheet!$A$13:$A$11483='Mês 1'!AQ42,Timesheet!$D$13:$D$11483))} -> 0 | BC42: {=MAX(IF(Timesheet!$A$13:$A$11483='Mês 1'!AQ42,Timesheet!$E$13:$E$11483))} -> 0 | BE42: 45232 | BF42: =SUMIFS(Timesheet!$F$13:$F$11461,Timesheet!$A$13:$A$11461,'Mês 1'!BE42,Timesheet!$C$13:$C$11461,'Mês 1'!$BF$40) -> 0 | BG42: =SUMIFS(Timesheet!$F$13:$F$11461,Timesheet!$A$13:$A$11461,'Mês 1'!BE42,Timesheet!$C$13:$C$11461,'Mês 1'!$BG$40) -> 0 | BH42: =SUMIFS(Timesheet!$F$13:$F$11461,Timesheet!$A$13:$A$11461,'Mês 1'!BE42,Timesheet!$C$13:$C$11461,'Mês 1'!$BH$40) -> 0 | BI42: =SUMIFS(Timesheet!$F$13:$F$11461,Timesheet!$A$13:$A$11461,'Mês 1'!BE42,Timesheet!$C$13:$C$11461,'Mês 1'!$BI$40) -> 0 | BJ42: =SUMIFS(Timesheet!$F$13:$F$11461,Timesheet!$A$13:$A$11461,'Mês 1'!BE42,Timesheet!$C$13:$C$11461,'Mês 1'!$BJ$40) -> 0 | BK42: =SUMIFS(Timesheet!$F$13:$F$11461,Timesheet!$A$13:$A$11461,'Mês 1'!BE42,Timesheet!$C$13:$C$11461,'Mês 1'!$BK$40) -> 0 | BL42: =SUMIFS(Timesheet!$F$13:$F$11461,Timesheet!$A$13:$A$11461,'Mês 1'!BE42,Timesheet!$C$13:$C$11461,'Mês 1'!$BL$40) -> 0 | BM42: =SUMIFS(Timesheet!$F$13:$F$11461,Timesheet!$A$13:$A$11461,'Mês 1'!BE42,Timesheet!$C$13:$C$11461,'Mês 1'!$BM$40) -> 0 | BN42: =SUMIFS(Timesheet!$F$13:$F$11461,Timesheet!$A$13:$A$11461,'Mês 1'!BE42,Timesheet!$C$13:$C$11461,'Mês 1'!$BN$40) -> 0 | BO42: =SUM(BF42:BM42) -> 0 | BP42: {=MIN(IF(Timesheet!$A$13:$A$11483='Mês 1'!BE42,Timesheet!$D$13:$D$11483))} -> 0 | BQ42: {=MAX(IF(Timesheet!$A$13:$A$11483='Mês 1'!BE42,Timesheet!$E$13:$E$11483))} -> 0
A43: 44988 | B43: =SUMIFS(Timesheet!$F$13:$F$11461,Timesheet!$A$13:$A$11461,'Mês 1'!A43,Timesheet!$C$13:$C$11461,'Mês 1'!$B$40) -> 0 | C43: =SUMIFS(Timesheet!$F$13:$F$11461,Timesheet!$A$13:$A$11461,'Mês 1'!A43,Timesheet!$C$13:$C$11461,'Mês 1'!$C$40) -> 0 | D43: =SUMIFS(Timesheet!$F$13:$F$11461,Timesheet!$A$13:$A$11461,'Mês 1'!A43,Timesheet!$C$13:$C$11461,'Mês 1'!$D$40) -> 0 | E43: =SUMIFS(Timesheet!$F$13:$F$11461,Timesheet!$A$13:$A$11461,'Mês 1'!A43,Timesheet!$C$13:$C$11461,'Mês 1'!$E$40) -> 0 | F43: =SUMIFS(Timesheet!$F$13:$F$11461,Timesheet!$A$13:$A$11461,'Mês 1'!A43,Timesheet!$C$13:$C$11461,'Mês 1'!$F$40) -> 0 | G43: =SUMIFS(Timesheet!$F$13:$F$11461,Timesheet!$A$13:$A$11461,'Mês 1'!A43,Timesheet!$C$13:$C$11461,'Mês 1'!$G$40) -> 0 | H43: =SUMIFS(Timesheet!$F$13:$F$11461,Timesheet!$A$13:$A$11461,'Mês 1'!A43,Timesheet!$C$13:$C$11461,'Mês 1'!$H$40) -> 0 | I43: =SUMIFS(Timesheet!$F$13:$F$11461,Timesheet!$A$13:$A$11461,'Mês 1'!A43,Timesheet!$C$13:$C$11461,'Mês 1'!$I$40) -> 0 | J43: =SUMIFS(Timesheet!$F$13:$F$11461,Timesheet!$A$13:$A$11461,'Mês 1'!A43,Timesheet!$C$13:$C$11461,'Mês 1'!$J$40) -> 0 | K43: =SUM(B43:I43) -> 0 | L43: {=MIN(IF(Timesheet!$A$13:$A$11483='Mês 1'!A43,Timesheet!$D$13:$D$11483))} -> 0 | M43: {=MAX(IF(Timesheet!$A$13:$A$11483='Mês 1'!A43,Timesheet!$E$13:$E$11483))} -> 0 | O43: 45049 | P43: =SUMIFS(Timesheet!$F$13:$F$11461,Timesheet!$A$13:$A$11461,'Mês 1'!O43,Timesheet!$C$13:$C$11461,'Mês 1'!$P$40) -> 0 | Q43: =SUMIFS(Timesheet!$F$13:$F$11461,Timesheet!$A$13:$A$11461,'Mês 1'!O43,Timesheet!$C$13:$C$11461,'Mês 1'!$Q$40) -> 0 | R43: =SUMIFS(Timesheet!$F$13:$F$11461,Timesheet!$A$13:$A$11461,'Mês 1'!O43,Timesheet!$C$13:$C$11461,'Mês 1'!$R$40) -> 0 | S43: =SUMIFS(Timesheet!$F$13:$F$11461,Timesheet!$A$13:$A$11461,'Mês 1'!O43,Timesheet!$C$13:$C$11461,'Mês 1'!$S$40) -> 0 | T43: =SUMIFS(Timesheet!$F$13:$F$11461,Timesheet!$A$13:$A$11461,'Mês 1'!O43,Timesheet!$C$13:$C$11461,'Mês 1'!$T$40) -> 0 | U43: =SUMIFS(Timesheet!$F$13:$F$11461,Timesheet!$A$13:$A$11461,'Mês 1'!O43,Timesheet!$C$13:$C$11461,'Mês 1'!$U$40) -> 0 | V43: =SUMIFS(Timesheet!$F$13:$F$11461,Timesheet!$A$13:$A$11461,'Mês 1'!O43,Timesheet!$C$13:$C$11461,'Mês 1'!$V$40) -> 0 | W43: =SUMIFS(Timesheet!$F$13:$F$11461,Timesheet!$A$13:$A$11461,'Mês 1'!O43,Timesheet!$C$13:$C$11461,'Mês 1'!$W$40) -> 0 | X43: =SUMIFS(Timesheet!$F$13:$F$11461,Timesheet!$A$13:$A$11461,'Mês 1'!O43,Timesheet!$C$13:$C$11461,'Mês 1'!$X$40) -> 0 | Y43: =SUM(P43:W43) -> 0 | Z43: {=MIN(IF(Timesheet!$A$13:$A$11483='Mês 1'!O43,Timesheet!$D$13:$D$11483))} -> 0 | AA43: {=MAX(IF(Timesheet!$A$13:$A$11483='Mês 1'!O43,Timesheet!$E$13:$E$11483))} -> 0 | AC43: 45110 | AD43: =SUMIFS(Timesheet!$F$13:$F$11461,Timesheet!$A$13:$A$11461,'Mês 1'!AC43,Timesheet!$C$13:$C$11461,'Mês 1'!$AD$40) -> 0 | AE43: =SUMIFS(Timesheet!$F$13:$F$11461,Timesheet!$A$13:$A$11461,'Mês 1'!AC43,Timesheet!$C$13:$C$11461,'Mês 1'!$AE$40) -> 0 | AF43: =SUMIFS(Timesheet!$F$13:$F$11461,Timesheet!$A$13:$A$11461,'Mês 1'!AC43,Timesheet!$C$13:$C$11461,'Mês 1'!$AF$40) -> 0 | AG43: =SUMIFS(Timesheet!$F$13:$F$11461,Timesheet!$A$13:$A$11461,'Mês 1'!AC43,Timesheet!$C$13:$C$11461,'Mês 1'!$AG$40) -> 0 | AH43: =SUMIFS(Timesheet!$F$13:$F$11461,Timesheet!$A$13:$A$11461,'Mês 1'!AC43,Timesheet!$C$13:$C$11461,'Mês 1'!$AH$40) -> 0 | AI43: =SUMIFS(Timesheet!$F$13:$F$11461,Timesheet!$A$13:$A$11461,'Mês 1'!AC43,Timesheet!$C$13:$C$11461,'Mês 1'!$AI$40) -> 0 | AJ43: =SUMIFS(Timesheet!$F$13:$F$11461,Timesheet!$A$13:$A$11461,'Mês 1'!AC43,Timesheet!$C$13:$C$11461,'Mês 1'!$AJ$40) -> 0 | AK43: =SUMIFS(Timesheet!$F$13:$F$11461,Timesheet!$A$13:$A$11461,'Mês 1'!AC43,Timesheet!$C$13:$C$11461,'Mês 1'!$AK$40) -> 0 | AL43: =SUMIFS(Timesheet!$F$13:$F$11461,Timesheet!$A$13:$A$11461,'Mês 1'!AC43,Timesheet!$C$13:$C$11461,'Mês 1'!$AL$40) -> 0 | AM43: =SUM(AD43:AK43) -> 0 | AN43: {=MIN(IF(Timesheet!$A$13:$A$11483='Mês 1'!AC43,Timesheet!$D$13:$D$11483))} -> 0 | AO43: {=MAX(IF(Timesheet!$A$13:$A$11483='Mês 1'!AC43,Timesheet!$E$13:$E$11483))} -> 0 | AQ43: 45172 | AR43: =SUMIFS(Timesheet!$F$13:$F$11461,Timesheet!$A$13:$A$11461,'Mês 1'!AQ43,Timesheet!$C$13:$C$11461,'Mês 1'!$AR$40) -> 0 | AS43: =SUMIFS(Timesheet!$F$13:$F$11461,Timesheet!$A$13:$A$11461,'Mês 1'!AQ43,Timesheet!$C$13:$C$11461,'Mês 1'!$AS$40) -> 0 | AT43: =SUMIFS(Timesheet!$F$13:$F$11461,Timesheet!$A$13:$A$11461,'Mês 1'!AQ43,Timesheet!$C$13:$C$11461,'Mês 1'!$AT$40) -> 0 | AU43: =SUMIFS(Timesheet!$F$13:$F$11461,Timesheet!$A$13:$A$11461,'Mês 1'!AQ43,Timesheet!$C$13:$C$11461,'Mês 1'!$AU$40) -> 0 | AV43: =SUMIFS(Timesheet!$F$13:$F$11461,Timesheet!$A$13:$A$11461,'Mês 1'!AQ43,Timesheet!$C$13:$C$11461,'Mês 1'!$AV$40) -> 0 | AW43: =SUMIFS(Timesheet!$F$13:$F$11461,Timesheet!$A$13:$A$11461,'Mês 1'!AQ43,Timesheet!$C$13:$C$11461,'Mês 1'!$AW$40) -> 0 | AX43: =SUMIFS(Timesheet!$F$13:$F$11461,Timesheet!$A$13:$A$11461,'Mês 1'!AQ43,Timesheet!$C$13:$C$11461,'Mês 1'!$AX$40) -> 0 | AY43: =SUMIFS(Timesheet!$F$13:$F$11461,Timesheet!$A$13:$A$11461,'Mês 1'!AQ43,Timesheet!$C$13:$C$11461,'Mês 1'!$AY$40) -> 0 | AZ43: =SUMIFS(Timesheet!$F$13:$F$11461,Timesheet!$A$13:$A$11461,'Mês 1'!AQ43,Timesheet!$C$13:$C$11461,'Mês 1'!$AZ$40) -> 0 | BA43: =SUM(AR43:AY43) -> 0 | BB43: {=MIN(IF(Timesheet!$A$13:$A$11483='Mês 1'!AQ43,Timesheet!$D$13:$D$11483))} -> 0 | BC43: {=MAX(IF(Timesheet!$A$13:$A$11483='Mês 1'!AQ43,Timesheet!$E$13:$E$11483))} -> 0 | BE43: 45233 | BF43: =SUMIFS(Timesheet!$F$13:$F$11461,Timesheet!$A$13:$A$11461,'Mês 1'!BE43,Timesheet!$C$13:$C$11461,'Mês 1'!$BF$40) -> 0 | BG43: =SUMIFS(Timesheet!$F$13:$F$11461,Timesheet!$A$13:$A$11461,'Mês 1'!BE43,Timesheet!$C$13:$C$11461,'Mês 1'!$BG$40) -> 0 | BH43: =SUMIFS(Timesheet!$F$13:$F$11461,Timesheet!$A$13:$A$11461,'Mês 1'!BE43,Timesheet!$C$13:$C$11461,'Mês 1'!$BH$40) -> 0 | BI43: =SUMIFS(Timesheet!$F$13:$F$11461,Timesheet!$A$13:$A$11461,'Mês 1'!BE43,Timesheet!$C$13:$C$11461,'Mês 1'!$BI$40) -> 0 | BJ43: =SUMIFS(Timesheet!$F$13:$F$11461,Timesheet!$A$13:$A$11461,'Mês 1'!BE43,Timesheet!$C$13:$C$11461,'Mês 1'!$BJ$40) -> 0 | BK43: =SUMIFS(Timesheet!$F$13:$F$11461,Timesheet!$A$13:$A$11461,'Mês 1'!BE43,Timesheet!$C$13:$C$11461,'Mês 1'!$BK$40) -> 0 | BL43: =SUMIFS(Timesheet!$F$13:$F$11461,Timesheet!$A$13:$A$11461,'Mês 1'!BE43,Timesheet!$C$13:$C$11461,'Mês 1'!$BL$40) -> 0 | BM43: =SUMIFS(Timesheet!$F$13:$F$11461,Timesheet!$A$13:$A$11461,'Mês 1'!BE43,Timesheet!$C$13:$C$11461,'Mês 1'!$BM$40) -> 0 | BN43: =SUMIFS(Timesheet!$F$13:$F$11461,Timesheet!$A$13:$A$11461,'Mês 1'!BE43,Timesheet!$C$13:$C$11461,'Mês 1'!$BN$40) -> 0 | BO43: =SUM(BF43:BM43) -> 0 | BP43: {=MIN(IF(Timesheet!$A$13:$A$11483='Mês 1'!BE43,Timesheet!$D$13:$D$11483))} -> 0 | BQ43: {=MAX(IF(Timesheet!$A$13:$A$11483='Mês 1'!BE43,Timesheet!$E$13:$E$11483))} -> 0
A44: 44989 | B44: =SUMIFS(Timesheet!$F$13:$F$11461,Timesheet!$A$13:$A$11461,'Mês 1'!A44,Timesheet!$C$13:$C$11461,'Mês 1'!$B$40) -> 0 | C44: =SUMIFS(Timesheet!$F$13:$F$11461,Timesheet!$A$13:$A$11461,'Mês 1'!A44,Timesheet!$C$13:$C$11461,'Mês 1'!$C$40) -> 0 | D44: =SUMIFS(Timesheet!$F$13:$F$11461,Timesheet!$A$13:$A$11461,'Mês 1'!A44,Timesheet!$C$13:$C$11461,'Mês 1'!$D$40) -> 0 | E44: =SUMIFS(Timesheet!$F$13:$F$11461,Timesheet!$A$13:$A$11461,'Mês 1'!A44,Timesheet!$C$13:$C$11461,'Mês 1'!$E$40) -> 0 | F44: =SUMIFS(Timesheet!$F$13:$F$11461,Timesheet!$A$13:$A$11461,'Mês 1'!A44,Timesheet!$C$13:$C$11461,'Mês 1'!$F$40) -> 0 | G44: =SUMIFS(Timesheet!$F$13:$F$11461,Timesheet!$A$13:$A$11461,'Mês 1'!A44,Timesheet!$C$13:$C$11461,'Mês 1'!$G$40) -> 0 | H44: =SUMIFS(Timesheet!$F$13:$F$11461,Timesheet!$A$13:$A$11461,'Mês 1'!A44,Timesheet!$C$13:$C$11461,'Mês 1'!$H$40) -> 0 | I44: =SUMIFS(Timesheet!$F$13:$F$11461,Timesheet!$A$13:$A$11461,'Mês 1'!A44,Timesheet!$C$13:$C$11461,'Mês 1'!$I$40) -> 0 | J44: =SUMIFS(Timesheet!$F$13:$F$11461,Timesheet!$A$13:$A$11461,'Mês 1'!A44,Timesheet!$C$13:$C$11461,'Mês 1'!$J$40) -> 0 | K44: =SUM(B44:I44) -> 0 | L44: {=MIN(IF(Timesheet!$A$13:$A$11483='Mês 1'!A44,Timesheet!$D$13:$D$11483))} -> 0 | M44: {=MAX(IF(Timesheet!$A$13:$A$11483='Mês 1'!A44,Timesheet!$E$13:$E$11483))} -> 0 | O44: 45050 | P44: =SUMIFS(Timesheet!$F$13:$F$11461,Timesheet!$A$13:$A$11461,'Mês 1'!O44,Timesheet!$C$13:$C$11461,'Mês 1'!$P$40) -> 0 | Q44: =SUMIFS(Timesheet!$F$13:$F$11461,Timesheet!$A$13:$A$11461,'Mês 1'!O44,Timesheet!$C$13:$C$11461,'Mês 1'!$Q$40) -> 0 | R44: =SUMIFS(Timesheet!$F$13:$F$11461,Timesheet!$A$13:$A$11461,'Mês 1'!O44,Timesheet!$C$13:$C$11461,'Mês 1'!$R$40) -> 0 | S44: =SUMIFS(Timesheet!$F$13:$F$11461,Timesheet!$A$13:$A$11461,'Mês 1'!O44,Timesheet!$C$13:$C$11461,'Mês 1'!$S$40) -> 0 | T44: =SUMIFS(Timesheet!$F$13:$F$11461,Timesheet!$A$13:$A$11461,'Mês 1'!O44,Timesheet!$C$13:$C$11461,'Mês 1'!$T$40) -> 0 | U44: =SUMIFS(Timesheet!$F$13:$F$11461,Timesheet!$A$13:$A$11461,'Mês 1'!O44,Timesheet!$C$13:$C$11461,'Mês 1'!$U$40) -> 0 | V44: =SUMIFS(Timesheet!$F$13:$F$11461,Timesheet!$A$13:$A$11461,'Mês 1'!O44,Timesheet!$C$13:$C$11461,'Mês 1'!$V$40) -> 0 | W44: =SUMIFS(Timesheet!$F$13:$F$11461,Timesheet!$A$13:$A$11461,'Mês 1'!O44,Timesheet!$C$13:$C$11461,'Mês 1'!$W$40) -> 0 | X44: =SUMIFS(Timesheet!$F$13:$F$11461,Timesheet!$A$13:$A$11461,'Mês 1'!O44,Timesheet!$C$13:$C$11461,'Mês 1'!$X$40) -> 0 | Y44: =SUM(P44:W44) -> 0 | Z44: {=MIN(IF(Timesheet!$A$13:$A$11483='Mês 1'!O44,Timesheet!$D$13:$D$11483))} -> 0 | AA44: {=MAX(IF(Timesheet!$A$13:$A$11483='Mês 1'!O44,Timesheet!$E$13:$E$11483))} -> 0 | AC44: 45111 | AD44: =SUMIFS(Timesheet!$F$13:$F$11461,Timesheet!$A$13:$A$11461,'Mês 1'!AC44,Timesheet!$C$13:$C$11461,'Mês 1'!$AD$40) -> 0 | AE44: =SUMIFS(Timesheet!$F$13:$F$11461,Timesheet!$A$13:$A$11461,'Mês 1'!AC44,Timesheet!$C$13:$C$11461,'Mês 1'!$AE$40) -> 0 | AF44: =SUMIFS(Timesheet!$F$13:$F$11461,Timesheet!$A$13:$A$11461,'Mês 1'!AC44,Timesheet!$C$13:$C$11461,'Mês 1'!$AF$40) -> 0 | AG44: =SUMIFS(Timesheet!$F$13:$F$11461,Timesheet!$A$13:$A$11461,'Mês 1'!AC44,Timesheet!$C$13:$C$11461,'Mês 1'!$AG$40) -> 0 | AH44: =SUMIFS(Timesheet!$F$13:$F$11461,Timesheet!$A$13:$A$11461,'Mês 1'!AC44,Timesheet!$C$13:$C$11461,'Mês 1'!$AH$40) -> 0 | AI44: =SUMIFS(Timesheet!$F$13:$F$11461,Timesheet!$A$13:$A$11461,'Mês 1'!AC44,Timesheet!$C$13:$C$11461,'Mês 1'!$AI$40) -> 0 | AJ44: =SUMIFS(Timesheet!$F$13:$F$11461,Timesheet!$A$13:$A$11461,'Mês 1'!AC44,Timesheet!$C$13:$C$11461,'Mês 1'!$AJ$40) -> 0 | AK44: =SUMIFS(Timesheet!$F$13:$F$11461,Timesheet!$A$13:$A$11461,'Mês 1'!AC44,Timesheet!$C$13:$C$11461,'Mês 1'!$AK$40) -> 0 | AL44: =SUMIFS(Timesheet!$F$13:$F$11461,Timesheet!$A$13:$A$11461,'Mês 1'!AC44,Timesheet!$C$13:$C$11461,'Mês 1'!$AL$40) -> 0 | AM44: =SUM(AD44:AK44) -> 0 | AN44: {=MIN(IF(Timesheet!$A$13:$A$11483='Mês 1'!AC44,Timesheet!$D$13:$D$11483))} -> 0 | AO44: {=MAX(IF(Timesheet!$A$13:$A$11483='Mês 1'!AC44,Timesheet!$E$13:$E$11483))} -> 0 | AQ44: 45173 | AR44: =SUMIFS(Timesheet!$F$13:$F$11461,Timesheet!$A$13:$A$11461,'Mês 1'!AQ44,Timesheet!$C$13:$C$11461,'Mês 1'!$AR$40) -> 0 | AS44: =SUMIFS(Timesheet!$F$13:$F$11461,Timesheet!$A$13:$A$11461,'Mês 1'!AQ44,Timesheet!$C$13:$C$11461,'Mês 1'!$AS$40) -> 0 | AT44: =SUMIFS(Timesheet!$F$13:$F$11461,Timesheet!$A$13:$A$11461,'Mês 1'!AQ44,Timesheet!$C$13:$C$11461,'Mês 1'!$AT$40) -> 0 | AU44: =SUMIFS(Timesheet!$F$13:$F$11461,Timesheet!$A$13:$A$11461,'Mês 1'!AQ44,Timesheet!$C$13:$C$11461,'Mês 1'!$AU$40) -> 0 | AV44: =SUMIFS(Timesheet!$F$13:$F$11461,Timesheet!$A$13:$A$11461,'Mês 1'!AQ44,Timesheet!$C$13:$C$11461,'Mês 1'!$AV$40) -> 0 | AW44: =SUMIFS(Timesheet!$F$13:$F$11461,Timesheet!$A$13:$A$11461,'Mês 1'!AQ44,Timesheet!$C$13:$C$11461,'Mês 1'!$AW$40) -> 0 | AX44: =SUMIFS(Timesheet!$F$13:$F$11461,Timesheet!$A$13:$A$11461,'Mês 1'!AQ44,Timesheet!$C$13:$C$11461,'Mês 1'!$AX$40) -> 0 | AY44: =SUMIFS(Timesheet!$F$13:$F$11461,Timesheet!$A$13:$A$11461,'Mês 1'!AQ44,Timesheet!$C$13:$C$11461,'Mês 1'!$AY$40) -> 0 | AZ44: =SUMIFS(Timesheet!$F$13:$F$11461,Timesheet!$A$13:$A$11461,'Mês 1'!AQ44,Timesheet!$C$13:$C$11461,'Mês 1'!$AZ$40) -> 0 | BA44: =SUM(AR44:AY44) -> 0 | BB44: {=MIN(IF(Timesheet!$A$13:$A$11483='Mês 1'!AQ44,Timesheet!$D$13:$D$11483))} -> 0 | BC44: {=MAX(IF(Timesheet!$A$13:$A$11483='Mês 1'!AQ44,Timesheet!$E$13:$E$11483))} -> 0 | BE44: 45234 | BF44: =SUMIFS(Timesheet!$F$13:$F$11461,Timesheet!$A$13:$A$11461,'Mês 1'!BE44,Timesheet!$C$13:$C$11461,'Mês 1'!$BF$40) -> 0 | BG44: =SUMIFS(Timesheet!$F$13:$F$11461,Timesheet!$A$13:$A$11461,'Mês 1'!BE44,Timesheet!$C$13:$C$11461,'Mês 1'!$BG$40) -> 0 | BH44: =SUMIFS(Timesheet!$F$13:$F$11461,Timesheet!$A$13:$A$11461,'Mês 1'!BE44,Timesheet!$C$13:$C$11461,'Mês 1'!$BH$40) -> 0 | BI44: =SUMIFS(Timesheet!$F$13:$F$11461,Timesheet!$A$13:$A$11461,'Mês 1'!BE44,Timesheet!$C$13:$C$11461,'Mês 1'!$BI$40) -> 0 | BJ44: =SUMIFS(Timesheet!$F$13:$F$11461,Timesheet!$A$13:$A$11461,'Mês 1'!BE44,Timesheet!$C$13:$C$11461,'Mês 1'!$BJ$40) -> 0 | BK44: =SUMIFS(Timesheet!$F$13:$F$11461,Timesheet!$A$13:$A$11461,'Mês 1'!BE44,Timesheet!$C$13:$C$11461,'Mês 1'!$BK$40) -> 0 | BL44: =SUMIFS(Timesheet!$F$13:$F$11461,Timesheet!$A$13:$A$11461,'Mês 1'!BE44,Timesheet!$C$13:$C$11461,'Mês 1'!$BL$40) -> 0 | BM44: =SUMIFS(Timesheet!$F$13:$F$11461,Timesheet!$A$13:$A$11461,'Mês 1'!BE44,Timesheet!$C$13:$C$11461,'Mês 1'!$BM$40) -> 0 | BN44: =SUMIFS(Timesheet!$F$13:$F$11461,Timesheet!$A$13:$A$11461,'Mês 1'!BE44,Timesheet!$C$13:$C$11461,'Mês 1'!$BN$40) -> 0 | BO44: =SUM(BF44:BM44) -> 0 | BP44: {=MIN(IF(Timesheet!$A$13:$A$11483='Mês 1'!BE44,Timesheet!$D$13:$D$11483))} -> 0 | BQ44: {=MAX(IF(Timesheet!$A$13:$A$11483='Mês 1'!BE44,Timesheet!$E$13:$E$11483))} -> 0
A45: 44990 | B45: =SUMIFS(Timesheet!$F$13:$F$11461,Timesheet!$A$13:$A$11461,'Mês 1'!A45,Timesheet!$C$13:$C$11461,'Mês 1'!$B$40) -> 0 | C45: =SUMIFS(Timesheet!$F$13:$F$11461,Timesheet!$A$13:$A$11461,'Mês 1'!A45,Timesheet!$C$13:$C$11461,'Mês 1'!$C$40) -> 0 | D45: =SUMIFS(Timesheet!$F$13:$F$11461,Timesheet!$A$13:$A$11461,'Mês 1'!A45,Timesheet!$C$13:$C$11461,'Mês 1'!$D$40) -> 0 | E45: =SUMIFS(Timesheet!$F$13:$F$11461,Timesheet!$A$13:$A$11461,'Mês 1'!A45,Timesheet!$C$13:$C$11461,'Mês 1'!$E$40) -> 0 | F45: =SUMIFS(Timesheet!$F$13:$F$11461,Timesheet!$A$13:$A$11461,'Mês 1'!A45,Timesheet!$C$13:$C$11461,'Mês 1'!$F$40) -> 0 | G45: =SUMIFS(Timesheet!$F$13:$F$11461,Timesheet!$A$13:$A$11461,'Mês 1'!A45,Timesheet!$C$13:$C$11461,'Mês 1'!$G$40) -> 0 | H45: =SUMIFS(Timesheet!$F$13:$F$11461,Timesheet!$A$13:$A$11461,'Mês 1'!A45,Timesheet!$C$13:$C$11461,'Mês 1'!$H$40) -> 0 | I45: =SUMIFS(Timesheet!$F$13:$F$11461,Timesheet!$A$13:$A$11461,'Mês 1'!A45,Timesheet!$C$13:$C$11461,'Mês 1'!$I$40) -> 0 | J45: =SUMIFS(Timesheet!$F$13:$F$11461,Timesheet!$A$13:$A$11461,'Mês 1'!A45,Timesheet!$C$13:$C$11461,'Mês 1'!$J$40) -> 0 | K45: =SUM(B45:I45) -> 0 | L45: {=MIN(IF(Timesheet!$A$13:$A$11483='Mês 1'!A45,Timesheet!$D$13:$D$11483))} -> 0 | M45: {=MAX(IF(Timesheet!$A$13:$A$11483='Mês 1'!A45,Timesheet!$E$13:$E$11483))} -> 0 | O45: 45051 | P45: =SUMIFS(Timesheet!$F$13:$F$11461,Timesheet!$A$13:$A$11461,'Mês 1'!O45,Timesheet!$C$13:$C$11461,'Mês 1'!$P$40) -> 0 | Q45: =SUMIFS(Timesheet!$F$13:$F$11461,Timesheet!$A$13:$A$11461,'Mês 1'!O45,Timesheet!$C$13:$C$11461,'Mês 1'!$Q$40) -> 0 | R45: =SUMIFS(Timesheet!$F$13:$F$11461,Timesheet!$A$13:$A$11461,'Mês 1'!O45,Timesheet!$C$13:$C$11461,'Mês 1'!$R$40) -> 0 | S45: =SUMIFS(Timesheet!$F$13:$F$11461,Timesheet!$A$13:$A$11461,'Mês 1'!O45,Timesheet!$C$13:$C$11461,'Mês 1'!$S$40) -> 0 | T45: =SUMIFS(Timesheet!$F$13:$F$11461,Timesheet!$A$13:$A$11461,'Mês 1'!O45,Timesheet!$C$13:$C$11461,'Mês 1'!$T$40) -> 0 | U45: =SUMIFS(Timesheet!$F$13:$F$11461,Timesheet!$A$13:$A$11461,'Mês 1'!O45,Timesheet!$C$13:$C$11461,'Mês 1'!$U$40) -> 0 | V45: =SUMIFS(Timesheet!$F$13:$F$11461,Timesheet!$A$13:$A$11461,'Mês 1'!O45,Timesheet!$C$13:$C$11461,'Mês 1'!$V$40) -> 0 | W45: =SUMIFS(Timesheet!$F$13:$F$11461,Timesheet!$A$13:$A$11461,'Mês 1'!O45,Timesheet!$C$13:$C$11461,'Mês 1'!$W$40) -> 0 | X45: =SUMIFS(Timesheet!$F$13:$F$11461,Timesheet!$A$13:$A$11461,'Mês 1'!O45,Timesheet!$C$13:$C$11461,'Mês 1'!$X$40) -> 0 | Y45: =SUM(P45:W45) -> 0 | Z45: {=MIN(IF(Timesheet!$A$13:$A$11483='Mês 1'!O45,Timesheet!$D$13:$D$11483))} -> 0 | AA45: {=MAX(IF(Timesheet!$A$13:$A$11483='Mês 1'!O45,Timesheet!$E$13:$E$11483))} -> 0 | AC45: 45112 | AD45: =SUMIFS(Timesheet!$F$13:$F$11461,Timesheet!$A$13:$A$11461,'Mês 1'!AC45,Timesheet!$C$13:$C$11461,'Mês 1'!$AD$40) -> 0 | AE45: =SUMIFS(Timesheet!$F$13:$F$11461,Timesheet!$A$13:$A$11461,'Mês 1'!AC45,Timesheet!$C$13:$C$11461,'Mês 1'!$AE$40) -> 0 | AF45: =SUMIFS(Timesheet!$F$13:$F$11461,Timesheet!$A$13:$A$11461,'Mês 1'!AC45,Timesheet!$C$13:$C$11461,'Mês 1'!$AF$40) -> 0 | AG45: =SUMIFS(Timesheet!$F$13:$F$11461,Timesheet!$A$13:$A$11461,'Mês 1'!AC45,Timesheet!$C$13:$C$11461,'Mês 1'!$AG$40) -> 0 | AH45: =SUMIFS(Timesheet!$F$13:$F$11461,Timesheet!$A$13:$A$11461,'Mês 1'!AC45,Timesheet!$C$13:$C$11461,'Mês 1'!$AH$40) -> 0 | AI45: =SUMIFS(Timesheet!$F$13:$F$11461,Timesheet!$A$13:$A$11461,'Mês 1'!AC45,Timesheet!$C$13:$C$11461,'Mês 1'!$AI$40) -> 0 | AJ45: =SUMIFS(Timesheet!$F$13:$F$11461,Timesheet!$A$13:$A$11461,'Mês 1'!AC45,Timesheet!$C$13:$C$11461,'Mês 1'!$AJ$40) -> 0 | AK45: =SUMIFS(Timesheet!$F$13:$F$11461,Timesheet!$A$13:$A$11461,'Mês 1'!AC45,Timesheet!$C$13:$C$11461,'Mês 1'!$AK$40) -> 0 | AL45: =SUMIFS(Timesheet!$F$13:$F$11461,Timesheet!$A$13:$A$11461,'Mês 1'!AC45,Timesheet!$C$13:$C$11461,'Mês 1'!$AL$40) -> 0 | AM45: =SUM(AD45:AK45) -> 0 | AN45: {=MIN(IF(Timesheet!$A$13:$A$11483='Mês 1'!AC45,Timesheet!$D$13:$D$11483))} -> 0 | AO45: {=MAX(IF(Timesheet!$A$13:$A$11483='Mês 1'!AC45,Timesheet!$E$13:$E$11483))} -> 0 | AQ45: 45174 | AR45: =SUMIFS(Timesheet!$F$13:$F$11461,Timesheet!$A$13:$A$11461,'Mês 1'!AQ45,Timesheet!$C$13:$C$11461,'Mês 1'!$AR$40) -> 0 | AS45: =SUMIFS(Timesheet!$F$13:$F$11461,Timesheet!$A$13:$A$11461,'Mês 1'!AQ45,Timesheet!$C$13:$C$11461,'Mês 1'!$AS$40) -> 0 | AT45: =SUMIFS(Timesheet!$F$13:$F$11461,Timesheet!$A$13:$A$11461,'Mês 1'!AQ45,Timesheet!$C$13:$C$11461,'Mês 1'!$AT$40) -> 0 | AU45: =SUMIFS(Timesheet!$F$13:$F$11461,Timesheet!$A$13:$A$11461,'Mês 1'!AQ45,Timesheet!$C$13:$C$11461,'Mês 1'!$AU$40) -> 0 | AV45: =SUMIFS(Timesheet!$F$13:$F$11461,Timesheet!$A$13:$A$11461,'Mês 1'!AQ45,Timesheet!$C$13:$C$11461,'Mês 1'!$AV$40) -> 0 | AW45: =SUMIFS(Timesheet!$F$13:$F$11461,Timesheet!$A$13:$A$11461,'Mês 1'!AQ45,Timesheet!$C$13:$C$11461,'Mês 1'!$AW$40) -> 0 | AX45: =SUMIFS(Timesheet!$F$13:$F$11461,Timesheet!$A$13:$A$11461,'Mês 1'!AQ45,Timesheet!$C$13:$C$11461,'Mês 1'!$AX$40) -> 0 | AY45: =SUMIFS(Timesheet!$F$13:$F$11461,Timesheet!$A$13:$A$11461,'Mês 1'!AQ45,Timesheet!$C$13:$C$11461,'Mês 1'!$AY$40) -> 0 | AZ45: =SUMIFS(Timesheet!$F$13:$F$11461,Timesheet!$A$13:$A$11461,'Mês 1'!AQ45,Timesheet!$C$13:$C$11461,'Mês 1'!$AZ$40) -> 0 | BA45: =SUM(AR45:AY45) -> 0 | BB45: {=MIN(IF(Timesheet!$A$13:$A$11483='Mês 1'!AQ45,Timesheet!$D$13:$D$11483))} -> 0 | BC45: {=MAX(IF(Timesheet!$A$13:$A$11483='Mês 1'!AQ45,Timesheet!$E$13:$E$11483))} -> 0 | BE45: 45235 | BF45: =SUMIFS(Timesheet!$F$13:$F$11461,Timesheet!$A$13:$A$11461,'Mês 1'!BE45,Timesheet!$C$13:$C$11461,'Mês 1'!$BF$40) -> 0 | BG45: =SUMIFS(Timesheet!$F$13:$F$11461,Timesheet!$A$13:$A$11461,'Mês 1'!BE45,Timesheet!$C$13:$C$11461,'Mês 1'!$BG$40) -> 0 | BH45: =SUMIFS(Timesheet!$F$13:$F$11461,Timesheet!$A$13:$A$11461,'Mês 1'!BE45,Timesheet!$C$13:$C$11461,'Mês 1'!$BH$40) -> 0 | BI45: =SUMIFS(Timesheet!$F$13:$F$11461,Timesheet!$A$13:$A$11461,'Mês 1'!BE45,Timesheet!$C$13:$C$11461,'Mês 1'!$BI$40) -> 0 | BJ45: =SUMIFS(Timesheet!$F$13:$F$11461,Timesheet!$A$13:$A$11461,'Mês 1'!BE45,Timesheet!$C$13:$C$11461,'Mês 1'!$BJ$40) -> 0 | BK45: =SUMIFS(Timesheet!$F$13:$F$11461,Timesheet!$A$13:$A$11461,'Mês 1'!BE45,Timesheet!$C$13:$C$11461,'Mês 1'!$BK$40) -> 0 | BL45: =SUMIFS(Timesheet!$F$13:$F$11461,Timesheet!$A$13:$A$11461,'Mês 1'!BE45,Timesheet!$C$13:$C$11461,'Mês 1'!$BL$40) -> 0 | BM45: =SUMIFS(Timesheet!$F$13:$F$11461,Timesheet!$A$13:$A$11461,'Mês 1'!BE45,Timesheet!$C$13:$C$11461,'Mês 1'!$BM$40) -> 0 | BN45: =SUMIFS(Timesheet!$F$13:$F$11461,Timesheet!$A$13:$A$11461,'Mês 1'!BE45,Timesheet!$C$13:$C$11461,'Mês 1'!$BN$40) -> 0 | BO45: =SUM(BF45:BM45) -> 0 | BP45: {=MIN(IF(Timesheet!$A$13:$A$11483='Mês 1'!BE45,Timesheet!$D$13:$D$11483))} -> 0 | BQ45: {=MAX(IF(Timesheet!$A$13:$A$11483='Mês 1'!BE45,Timesheet!$E$13:$E$11483))} -> 0
A46: 44991 | B46: =SUMIFS(Timesheet!$F$13:$F$11461,Timesheet!$A$13:$A$11461,'Mês 1'!A46,Timesheet!$C$13:$C$11461,'Mês 1'!$B$40) -> 0 | C46: =SUMIFS(Timesheet!$F$13:$F$11461,Timesheet!$A$13:$A$11461,'Mês 1'!A46,Timesheet!$C$13:$C$11461,'Mês 1'!$C$40) -> 0 | D46: =SUMIFS(Timesheet!$F$13:$F$11461,Timesheet!$A$13:$A$11461,'Mês 1'!A46,Timesheet!$C$13:$C$11461,'Mês 1'!$D$40) -> 0 | E46: =SUMIFS(Timesheet!$F$13:$F$11461,Timesheet!$A$13:$A$11461,'Mês 1'!A46,Timesheet!$C$13:$C$11461,'Mês 1'!$E$40) -> 0 | F46: =SUMIFS(Timesheet!$F$13:$F$11461,Timesheet!$A$13:$A$11461,'Mês 1'!A46,Timesheet!$C$13:$C$11461,'Mês 1'!$F$40) -> 0 | G46: =SUMIFS(Timesheet!$F$13:$F$11461,Timesheet!$A$13:$A$11461,'Mês 1'!A46,Timesheet!$C$13:$C$11461,'Mês 1'!$G$40) -> 0 | H46: =SUMIFS(Timesheet!$F$13:$F$11461,Timesheet!$A$13:$A$11461,'Mês 1'!A46,Timesheet!$C$13:$C$11461,'Mês 1'!$H$40) -> 0 | I46: =SUMIFS(Timesheet!$F$13:$F$11461,Timesheet!$A$13:$A$11461,'Mês 1'!A46,Timesheet!$C$13:$C$11461,'Mês 1'!$I$40) -> 0 | J46: =SUMIFS(Timesheet!$F$13:$F$11461,Timesheet!$A$13:$A$11461,'Mês 1'!A46,Timesheet!$C$13:$C$11461,'Mês 1'!$J$40) -> 0 | K46: =SUM(B46:I46) -> 0 | L46: {=MIN(IF(Timesheet!$A$13:$A$11483='Mês 1'!A46,Timesheet!$D$13:$D$11483))} -> 0 | M46: {=MAX(IF(Timesheet!$A$13:$A$11483='Mês 1'!A46,Timesheet!$E$13:$E$11483))} -> 0 | O46: 45052 | P46: =SUMIFS(Timesheet!$F$13:$F$11461,Timesheet!$A$13:$A$11461,'Mês 1'!O46,Timesheet!$C$13:$C$11461,'Mês 1'!$P$40) -> 0 | Q46: =SUMIFS(Timesheet!$F$13:$F$11461,Timesheet!$A$13:$A$11461,'Mês 1'!O46,Timesheet!$C$13:$C$11461,'Mês 1'!$Q$40) -> 0 | R46: =SUMIFS(Timesheet!$F$13:$F$11461,Timesheet!$A$13:$A$11461,'Mês 1'!O46,Timesheet!$C$13:$C$11461,'Mês 1'!$R$40) -> 0 | S46: =SUMIFS(Timesheet!$F$13:$F$11461,Timesheet!$A$13:$A$11461,'Mês 1'!O46,Timesheet!$C$13:$C$11461,'Mês 1'!$S$40) -> 0 | T46: =SUMIFS(Timesheet!$F$13:$F$11461,Timesheet!$A$13:$A$11461,'Mês 1'!O46,Timesheet!$C$13:$C$11461,'Mês 1'!$T$40) -> 0 | U46: =SUMIFS(Timesheet!$F$13:$F$11461,Timesheet!$A$13:$A$11461,'Mês 1'!O46,Timesheet!$C$13:$C$11461,'Mês 1'!$U$40) -> 0 | V46: =SUMIFS(Timesheet!$F$13:$F$11461,Timesheet!$A$13:$A$11461,'Mês 1'!O46,Timesheet!$C$13:$C$11461,'Mês 1'!$V$40) -> 0 | W46: =SUMIFS(Timesheet!$F$13:$F$11461,Timesheet!$A$13:$A$11461,'Mês 1'!O46,Timesheet!$C$13:$C$11461,'Mês 1'!$W$40) -> 0 | X46: =SUMIFS(Timesheet!$F$13:$F$11461,Timesheet!$A$13:$A$11461,'Mês 1'!O46,Timesheet!$C$13:$C$11461,'Mês 1'!$X$40) -> 0 | Y46: =SUM(P46:W46) -> 0 | Z46: {=MIN(IF(Timesheet!$A$13:$A$11483='Mês 1'!O46,Timesheet!$D$13:$D$11483))} -> 0 | AA46: {=MAX(IF(Timesheet!$A$13:$A$11483='Mês 1'!O46,Timesheet!$E$13:$E$11483))} -> 0 | AC46: 45113 | AD46: =SUMIFS(Timesheet!$F$13:$F$11461,Timesheet!$A$13:$A$11461,'Mês 1'!AC46,Timesheet!$C$13:$C$11461,'Mês 1'!$AD$40) -> 0 | AE46: =SUMIFS(Timesheet!$F$13:$F$11461,Timesheet!$A$13:$A$11461,'Mês 1'!AC46,Timesheet!$C$13:$C$11461,'Mês 1'!$AE$40) -> 0 | AF46: =SUMIFS(Timesheet!$F$13:$F$11461,Timesheet!$A$13:$A$11461,'Mês 1'!AC46,Timesheet!$C$13:$C$11461,'Mês 1'!$AF$40) -> 0 | AG46: =SUMIFS(Timesheet!$F$13:$F$11461,Timesheet!$A$13:$A$11461,'Mês 1'!AC46,Timesheet!$C$13:$C$11461,'Mês 1'!$AG$40) -> 0 | AH46: =SUMIFS(Timesheet!$F$13:$F$11461,Timesheet!$A$13:$A$11461,'Mês 1'!AC46,Timesheet!$C$13:$C$11461,'Mês 1'!$AH$40) -> 0 | AI46: =SUMIFS(Timesheet!$F$13:$F$11461,Timesheet!$A$13:$A$11461,'Mês 1'!AC46,Timesheet!$C$13:$C$11461,'Mês 1'!$AI$40) -> 0 | AJ46: =SUMIFS(Timesheet!$F$13:$F$11461,Timesheet!$A$13:$A$11461,'Mês 1'!AC46,Timesheet!$C$13:$C$11461,'Mês 1'!$AJ$40) -> 0 | AK46: =SUMIFS(Timesheet!$F$13:$F$11461,Timesheet!$A$13:$A$11461,'Mês 1'!AC46,Timesheet!$C$13:$C$11461,'Mês 1'!$AK$40) -> 0 | AL46: =SUMIFS(Timesheet!$F$13:$F$11461,Timesheet!$A$13:$A$11461,'Mês 1'!AC46,Timesheet!$C$13:$C$11461,'Mês 1'!$AL$40) -> 0 | AM46: =SUM(AD46:AK46) -> 0 | AN46: {=MIN(IF(Timesheet!$A$13:$A$11483='Mês 1'!AC46,Timesheet!$D$13:$D$11483))} -> 0 | AO46: {=MAX(IF(Timesheet!$A$13:$A$11483='Mês 1'!AC46,Timesheet!$E$13:$E$11483))} -> 0 | AQ46: 45175 | AR46: =SUMIFS(Timesheet!$F$13:$F$11461,Timesheet!$A$13:$A$11461,'Mês 1'!AQ46,Timesheet!$C$13:$C$11461,'Mês 1'!$AR$40) -> 0 | AS46: =SUMIFS(Timesheet!$F$13:$F$11461,Timesheet!$A$13:$A$11461,'Mês 1'!AQ46,Timesheet!$C$13:$C$11461,'Mês 1'!$AS$40) -> 0 | AT46: =SUMIFS(Timesheet!$F$13:$F$11461,Timesheet!$A$13:$A$11461,'Mês 1'!AQ46,Timesheet!$C$13:$C$11461,'Mês 1'!$AT$40) -> 0 | AU46: =SUMIFS(Timesheet!$F$13:$F$11461,Timesheet!$A$13:$A$11461,'Mês 1'!AQ46,Timesheet!$C$13:$C$11461,'Mês 1'!$AU$40) -> 0 | AV46: =SUMIFS(Timesheet!$F$13:$F$11461,Timesheet!$A$13:$A$11461,'Mês 1'!AQ46,Timesheet!$C$13:$C$11461,'Mês 1'!$AV$40) -> 0 | AW46: =SUMIFS(Timesheet!$F$13:$F$11461,Timesheet!$A$13:$A$11461,'Mês 1'!AQ46,Timesheet!$C$13:$C$11461,'Mês 1'!$AW$40) -> 0 | AX46: =SUMIFS(Timesheet!$F$13:$F$11461,Timesheet!$A$13:$A$11461,'Mês 1'!AQ46,Timesheet!$C$13:$C$11461,'Mês 1'!$AX$40) -> 0 | AY46: =SUMIFS(Timesheet!$F$13:$F$11461,Timesheet!$A$13:$A$11461,'Mês 1'!AQ46,Timesheet!$C$13:$C$11461,'Mês 1'!$AY$40) -> 0 | AZ46: =SUMIFS(Timesheet!$F$13:$F$11461,Timesheet!$A$13:$A$11461,'Mês 1'!AQ46,Timesheet!$C$13:$C$11461,'Mês 1'!$AZ$40) -> 0 | BA46: =SUM(AR46:AY46) -> 0 | BB46: {=MIN(IF(Timesheet!$A$13:$A$11483='Mês 1'!AQ46,Timesheet!$D$13:$D$11483))} -> 0 | BC46: {=MAX(IF(Timesheet!$A$13:$A$11483='Mês 1'!AQ46,Timesheet!$E$13:$E$11483))} -> 0 | BE46: 45236 | BF46: =SUMIFS(Timesheet!$F$13:$F$11461,Timesheet!$A$13:$A$11461,'Mês 1'!BE46,Timesheet!$C$13:$C$11461,'Mês 1'!$BF$40) -> 0 | BG46: =SUMIFS(Timesheet!$F$13:$F$11461,Timesheet!$A$13:$A$11461,'Mês 1'!BE46,Timesheet!$C$13:$C$11461,'Mês 1'!$BG$40) -> 0 | BH46: =SUMIFS(Timesheet!$F$13:$F$11461,Timesheet!$A$13:$A$11461,'Mês 1'!BE46,Timesheet!$C$13:$C$11461,'Mês 1'!$BH$40) -> 0 | BI46: =SUMIFS(Timesheet!$F$13:$F$11461,Timesheet!$A$13:$A$11461,'Mês 1'!BE46,Timesheet!$C$13:$C$11461,'Mês 1'!$BI$40) -> 0 | BJ46: =SUMIFS(Timesheet!$F$13:$F$11461,Timesheet!$A$13:$A$11461,'Mês 1'!BE46,Timesheet!$C$13:$C$11461,'Mês 1'!$BJ$40) -> 0 | BK46: =SUMIFS(Timesheet!$F$13:$F$11461,Timesheet!$A$13:$A$11461,'Mês 1'!BE46,Timesheet!$C$13:$C$11461,'Mês 1'!$BK$40) -> 0 | BL46: =SUMIFS(Timesheet!$F$13:$F$11461,Timesheet!$A$13:$A$11461,'Mês 1'!BE46,Timesheet!$C$13:$C$11461,'Mês 1'!$BL$40) -> 0 | BM46: =SUMIFS(Timesheet!$F$13:$F$11461,Timesheet!$A$13:$A$11461,'Mês 1'!BE46,Timesheet!$C$13:$C$11461,'Mês 1'!$BM$40) -> 0 | BN46: =SUMIFS(Timesheet!$F$13:$F$11461,Timesheet!$A$13:$A$11461,'Mês 1'!BE46,Timesheet!$C$13:$C$11461,'Mês 1'!$BN$40) -> 0 | BO46: =SUM(BF46:BM46) -> 0 | BP46: {=MIN(IF(Timesheet!$A$13:$A$11483='Mês 1'!BE46,Timesheet!$D$13:$D$11483))} -> 0 | BQ46: {=MAX(IF(Timesheet!$A$13:$A$11483='Mês 1'!BE46,Timesheet!$E$13:$E$11483))} -> 0
A47: 44992 | B47: =SUMIFS(Timesheet!$F$13:$F$11461,Timesheet!$A$13:$A$11461,'Mês 1'!A47,Timesheet!$C$13:$C$11461,'Mês 1'!$B$40) -> 0 | C47: =SUMIFS(Timesheet!$F$13:$F$11461,Timesheet!$A$13:$A$11461,'Mês 1'!A47,Timesheet!$C$13:$C$11461,'Mês 1'!$C$40) -> 0 | D47: =SUMIFS(Timesheet!$F$13:$F$11461,Timesheet!$A$13:$A$11461,'Mês 1'!A47,Timesheet!$C$13:$C$11461,'Mês 1'!$D$40) -> 0 | E47: =SUMIFS(Timesheet!$F$13:$F$11461,Timesheet!$A$13:$A$11461,'Mês 1'!A47,Timesheet!$C$13:$C$11461,'Mês 1'!$E$40) -> 0 | F47: =SUMIFS(Timesheet!$F$13:$F$11461,Timesheet!$A$13:$A$11461,'Mês 1'!A47,Timesheet!$C$13:$C$11461,'Mês 1'!$F$40) -> 0 | G47: =SUMIFS(Timesheet!$F$13:$F$11461,Timesheet!$A$13:$A$11461,'Mês 1'!A47,Timesheet!$C$13:$C$11461,'Mês 1'!$G$40) -> 0 | H47: =SUMIFS(Timesheet!$F$13:$F$11461,Timesheet!$A$13:$A$11461,'Mês 1'!A47,Timesheet!$C$13:$C$11461,'Mês 1'!$H$40) -> 0 | I47: =SUMIFS(Timesheet!$F$13:$F$11461,Timesheet!$A$13:$A$11461,'Mês 1'!A47,Timesheet!$C$13:$C$11461,'Mês 1'!$I$40) -> 0 | J47: =SUMIFS(Timesheet!$F$13:$F$11461,Timesheet!$A$13:$A$11461,'Mês 1'!A47,Timesheet!$C$13:$C$11461,'Mês 1'!$J$40) -> 0 | K47: =SUM(B47:I47) -> 0 | L47: {=MIN(IF(Timesheet!$A$13:$A$11483='Mês 1'!A47,Timesheet!$D$13:$D$11483))} -> 0 | M47: {=MAX(IF(Timesheet!$A$13:$A$11483='Mês 1'!A47,Timesheet!$E$13:$E$11483))} -> 0 | O47: 45053 | P47: =SUMIFS(Timesheet!$F$13:$F$11461,Timesheet!$A$13:$A$11461,'Mês 1'!O47,Timesheet!$C$13:$C$11461,'Mês 1'!$P$40) -> 0 | Q47: =SUMIFS(Timesheet!$F$13:$F$11461,Timesheet!$A$13:$A$11461,'Mês 1'!O47,Timesheet!$C$13:$C$11461,'Mês 1'!$Q$40) -> 0 | R47: =SUMIFS(Timesheet!$F$13:$F$11461,Timesheet!$A$13:$A$11461,'Mês 1'!O47,Timesheet!$C$13:$C$11461,'Mês 1'!$R$40) -> 0 | S47: =SUMIFS(Timesheet!$F$13:$F$11461,Timesheet!$A$13:$A$11461,'Mês 1'!O47,Timesheet!$C$13:$C$11461,'Mês 1'!$S$40) -> 0 | T47: =SUMIFS(Timesheet!$F$13:$F$11461,Timesheet!$A$13:$A$11461,'Mês 1'!O47,Timesheet!$C$13:$C$11461,'Mês 1'!$T$40) -> 0 | U47: =SUMIFS(Timesheet!$F$13:$F$11461,Timesheet!$A$13:$A$11461,'Mês 1'!O47,Timesheet!$C$13:$C$11461,'Mês 1'!$U$40) -> 0 | V47: =SUMIFS(Timesheet!$F$13:$F$11461,Timesheet!$A$13:$A$11461,'Mês 1'!O47,Timesheet!$C$13:$C$11461,'Mês 1'!$V$40) -> 0 | W47: =SUMIFS(Timesheet!$F$13:$F$11461,Timesheet!$A$13:$A$11461,'Mês 1'!O47,Timesheet!$C$13:$C$11461,'Mês 1'!$W$40) -> 0 | X47: =SUMIFS(Timesheet!$F$13:$F$11461,Timesheet!$A$13:$A$11461,'Mês 1'!O47,Timesheet!$C$13:$C$11461,'Mês 1'!$X$40) -> 0 | Y47: =SUM(P47:W47) -> 0 | Z47: {=MIN(IF(Timesheet!$A$13:$A$11483='Mês 1'!O47,Timesheet!$D$13:$D$11483))} -> 0 | AA47: {=MAX(IF(Timesheet!$A$13:$A$11483='Mês 1'!O47,Timesheet!$E$13:$E$11483))} -> 0 | AC47: 45114 | AD47: =SUMIFS(Timesheet!$F$13:$F$11461,Timesheet!$A$13:$A$11461,'Mês 1'!AC47,Timesheet!$C$13:$C$11461,'Mês 1'!$AD$40) -> 0 | AE47: =SUMIFS(Timesheet!$F$13:$F$11461,Timesheet!$A$13:$A$11461,'Mês 1'!AC47,Timesheet!$C$13:$C$11461,'Mês 1'!$AE$40) -> 0 | AF47: =SUMIFS(Timesheet!$F$13:$F$11461,Timesheet!$A$13:$A$11461,'Mês 1'!AC47,Timesheet!$C$13:$C$11461,'Mês 1'!$AF$40) -> 0 | AG47: =SUMIFS(Timesheet!$F$13:$F$11461,Timesheet!$A$13:$A$11461,'Mês 1'!AC47,Timesheet!$C$13:$C$11461,'Mês 1'!$AG$40) -> 0 | AH47: =SUMIFS(Timesheet!$F$13:$F$11461,Timesheet!$A$13:$A$11461,'Mês 1'!AC47,Timesheet!$C$13:$C$11461,'Mês 1'!$AH$40) -> 0 | AI47: =SUMIFS(Timesheet!$F$13:$F$11461,Timesheet!$A$13:$A$11461,'Mês 1'!AC47,Timesheet!$C$13:$C$11461,'Mês 1'!$AI$40) -> 0 | AJ47: =SUMIFS(Timesheet!$F$13:$F$11461,Timesheet!$A$13:$A$11461,'Mês 1'!AC47,Timesheet!$C$13:$C$11461,'Mês 1'!$AJ$40) -> 0 | AK47: =SUMIFS(Timesheet!$F$13:$F$11461,Timesheet!$A$13:$A$11461,'Mês 1'!AC47,Timesheet!$C$13:$C$11461,'Mês 1'!$AK$40) -> 0 | AL47: =SUMIFS(Timesheet!$F$13:$F$11461,Timesheet!$A$13:$A$11461,'Mês 1'!AC47,Timesheet!$C$13:$C$11461,'Mês 1'!$AL$40) -> 0 | AM47: =SUM(AD47:AK47) -> 0 | AN47: {=MIN(IF(Timesheet!$A$13:$A$11483='Mês 1'!AC47,Timesheet!$D$13:$D$11483))} -> 0 | AO47: {=MAX(IF(Timesheet!$A$13:$A$11483='Mês 1'!AC47,Timesheet!$E$13:$E$11483))} -> 0 | AQ47: 45176 | AR47: =SUMIFS(Timesheet!$F$13:$F$11461,Timesheet!$A$13:$A$11461,'Mês 1'!AQ47,Timesheet!$C$13:$C$11461,'Mês 1'!$AR$40) -> 0 | AS47: =SUMIFS(Timesheet!$F$13:$F$11461,Timesheet!$A$13:$A$11461,'Mês 1'!AQ47,Timesheet!$C$13:$C$11461,'Mês 1'!$AS$40) -> 0 | AT47: =SUMIFS(Timesheet!$F$13:$F$11461,Timesheet!$A$13:$A$11461,'Mês 1'!AQ47,Timesheet!$C$13:$C$11461,'Mês 1'!$AT$40) -> 0 | AU47: =SUMIFS(Timesheet!$F$13:$F$11461,Timesheet!$A$13:$A$11461,'Mês 1'!AQ47,Timesheet!$C$13:$C$11461,'Mês 1'!$AU$40) -> 0 | AV47: =SUMIFS(Timesheet!$F$13:$F$11461,Timesheet!$A$13:$A$11461,'Mês 1'!AQ47,Timesheet!$C$13:$C$11461,'Mês 1'!$AV$40) -> 0 | AW47: =SUMIFS(Timesheet!$F$13:$F$11461,Timesheet!$A$13:$A$11461,'Mês 1'!AQ47,Timesheet!$C$13:$C$11461,'Mês 1'!$AW$40) -> 0 | AX47: =SUMIFS(Timesheet!$F$13:$F$11461,Timesheet!$A$13:$A$11461,'Mês 1'!AQ47,Timesheet!$C$13:$C$11461,'Mês 1'!$AX$40) -> 0 | AY47: =SUMIFS(Timesheet!$F$13:$F$11461,Timesheet!$A$13:$A$11461,'Mês 1'!AQ47,Timesheet!$C$13:$C$11461,'Mês 1'!$AY$40) -> 0 | AZ47: =SUMIFS(Timesheet!$F$13:$F$11461,Timesheet!$A$13:$A$11461,'Mês 1'!AQ47,Timesheet!$C$13:$C$11461,'Mês 1'!$AZ$40) -> 0 | BA47: =SUM(AR47:AY47) -> 0 | BB47: {=MIN(IF(Timesheet!$A$13:$A$11483='Mês 1'!AQ47,Timesheet!$D$13:$D$11483))} -> 0 | BC47: {=MAX(IF(Timesheet!$A$13:$A$11483='Mês 1'!AQ47,Timesheet!$E$13:$E$11483))} -> 0 | BE47: 45237 | BF47: =SUMIFS(Timesheet!$F$13:$F$11461,Timesheet!$A$13:$A$11461,'Mês 1'!BE47,Timesheet!$C$13:$C$11461,'Mês 1'!$BF$40) -> 0 | BG47: =SUMIFS(Timesheet!$F$13:$F$11461,Timesheet!$A$13:$A$11461,'Mês 1'!BE47,Timesheet!$C$13:$C$11461,'Mês 1'!$BG$40) -> 0 | BH47: =SUMIFS(Timesheet!$F$13:$F$11461,Timesheet!$A$13:$A$11461,'Mês 1'!BE47,Timesheet!$C$13:$C$11461,'Mês 1'!$BH$40) -> 0 | BI47: =SUMIFS(Timesheet!$F$13:$F$11461,Timesheet!$A$13:$A$11461,'Mês 1'!BE47,Timesheet!$C$13:$C$11461,'Mês 1'!$BI$40) -> 0 | BJ47: =SUMIFS(Timesheet!$F$13:$F$11461,Timesheet!$A$13:$A$11461,'Mês 1'!BE47,Timesheet!$C$13:$C$11461,'Mês 1'!$BJ$40) -> 0 | BK47: =SUMIFS(Timesheet!$F$13:$F$11461,Timesheet!$A$13:$A$11461,'Mês 1'!BE47,Timesheet!$C$13:$C$11461,'Mês 1'!$BK$40) -> 0 | BL47: =SUMIFS(Timesheet!$F$13:$F$11461,Timesheet!$A$13:$A$11461,'Mês 1'!BE47,Timesheet!$C$13:$C$11461,'Mês 1'!$BL$40) -> 0 | BM47: =SUMIFS(Timesheet!$F$13:$F$11461,Timesheet!$A$13:$A$11461,'Mês 1'!BE47,Timesheet!$C$13:$C$11461,'Mês 1'!$BM$40) -> 0 | BN47: =SUMIFS(Timesheet!$F$13:$F$11461,Timesheet!$A$13:$A$11461,'Mês 1'!BE47,Timesheet!$C$13:$C$11461,'Mês 1'!$BN$40) -> 0 | BO47: =SUM(BF47:BM47) -> 0 | BP47: {=MIN(IF(Timesheet!$A$13:$A$11483='Mês 1'!BE47,Timesheet!$D$13:$D$11483))} -> 0 | BQ47: {=MAX(IF(Timesheet!$A$13:$A$11483='Mês 1'!BE47,Timesheet!$E$13:$E$11483))} -> 0
A48: 44993 | B48: =SUMIFS(Timesheet!$F$13:$F$11461,Timesheet!$A$13:$A$11461,'Mês 1'!A48,Timesheet!$C$13:$C$11461,'Mês 1'!$B$40) -> 0 | C48: =SUMIFS(Timesheet!$F$13:$F$11461,Timesheet!$A$13:$A$11461,'Mês 1'!A48,Timesheet!$C$13:$C$11461,'Mês 1'!$C$40) -> 0 | D48: =SUMIFS(Timesheet!$F$13:$F$11461,Timesheet!$A$13:$A$11461,'Mês 1'!A48,Timesheet!$C$13:$C$11461,'Mês 1'!$D$40) -> 0 | E48: =SUMIFS(Timesheet!$F$13:$F$11461,Timesheet!$A$13:$A$11461,'Mês 1'!A48,Timesheet!$C$13:$C$11461,'Mês 1'!$E$40) -> 0 | F48: =SUMIFS(Timesheet!$F$13:$F$11461,Timesheet!$A$13:$A$11461,'Mês 1'!A48,Timesheet!$C$13:$C$11461,'Mês 1'!$F$40) -> 0 | G48: =SUMIFS(Timesheet!$F$13:$F$11461,Timesheet!$A$13:$A$11461,'Mês 1'!A48,Timesheet!$C$13:$C$11461,'Mês 1'!$G$40) -> 0 | H48: =SUMIFS(Timesheet!$F$13:$F$11461,Timesheet!$A$13:$A$11461,'Mês 1'!A48,Timesheet!$C$13:$C$11461,'Mês 1'!$H$40) -> 0 | I48: =SUMIFS(Timesheet!$F$13:$F$11461,Timesheet!$A$13:$A$11461,'Mês 1'!A48,Timesheet!$C$13:$C$11461,'Mês 1'!$I$40) -> 0 | J48: =SUMIFS(Timesheet!$F$13:$F$11461,Timesheet!$A$13:$A$11461,'Mês 1'!A48,Timesheet!$C$13:$C$11461,'Mês 1'!$J$40) -> 0 | K48: =SUM(B48:I48) -> 0 | L48: {=MIN(IF(Timesheet!$A$13:$A$11483='Mês 1'!A48,Timesheet!$D$13:$D$11483))} -> 0 | M48: {=MAX(IF(Timesheet!$A$13:$A$11483='Mês 1'!A48,Timesheet!$E$13:$E$11483))} -> 0 | O48: 45054 | P48: =SUMIFS(Timesheet!$F$13:$F$11461,Timesheet!$A$13:$A$11461,'Mês 1'!O48,Timesheet!$C$13:$C$11461,'Mês 1'!$P$40) -> 0 | Q48: =SUMIFS(Timesheet!$F$13:$F$11461,Timesheet!$A$13:$A$11461,'Mês 1'!O48,Timesheet!$C$13:$C$11461,'Mês 1'!$Q$40) -> 0 | R48: =SUMIFS(Timesheet!$F$13:$F$11461,Timesheet!$A$13:$A$11461,'Mês 1'!O48,Timesheet!$C$13:$C$11461,'Mês 1'!$R$40) -> 0 | S48: =SUMIFS(Timesheet!$F$13:$F$11461,Timesheet!$A$13:$A$11461,'Mês 1'!O48,Timesheet!$C$13:$C$11461,'Mês 1'!$S$40) -> 0 | T48: =SUMIFS(Timesheet!$F$13:$F$11461,Timesheet!$A$13:$A$11461,'Mês 1'!O48,Timesheet!$C$13:$C$11461,'Mês 1'!$T$40) -> 0 | U48: =SUMIFS(Timesheet!$F$13:$F$11461,Timesheet!$A$13:$A$11461,'Mês 1'!O48,Timesheet!$C$13:$C$11461,'Mês 1'!$U$40) -> 0 | V48: =SUMIFS(Timesheet!$F$13:$F$11461,Timesheet!$A$13:$A$11461,'Mês 1'!O48,Timesheet!$C$13:$C$11461,'Mês 1'!$V$40) -> 0 | W48: =SUMIFS(Timesheet!$F$13:$F$11461,Timesheet!$A$13:$A$11461,'Mês 1'!O48,Timesheet!$C$13:$C$11461,'Mês 1'!$W$40) -> 0 | X48: =SUMIFS(Timesheet!$F$13:$F$11461,Timesheet!$A$13:$A$11461,'Mês 1'!O48,Timesheet!$C$13:$C$11461,'Mês 1'!$X$40) -> 0 | Y48: =SUM(P48:W48) -> 0 | Z48: {=MIN(IF(Timesheet!$A$13:$A$11483='Mês 1'!O48,Timesheet!$D$13:$D$11483))} -> 0 | AA48: {=MAX(IF(Timesheet!$A$13:$A$11483='Mês 1'!O48,Timesheet!$E$13:$E$11483))} -> 0 | AC48: 45115 | AD48: =SUMIFS(Timesheet!$F$13:$F$11461,Timesheet!$A$13:$A$11461,'Mês 1'!AC48,Timesheet!$C$13:$C$11461,'Mês 1'!$AD$40) -> 0 | AE48: =SUMIFS(Timesheet!$F$13:$F$11461,Timesheet!$A$13:$A$11461,'Mês 1'!AC48,Timesheet!$C$13:$C$11461,'Mês 1'!$AE$40) -> 0 | AF48: =SUMIFS(Timesheet!$F$13:$F$11461,Timesheet!$A$13:$A$11461,'Mês 1'!AC48,Timesheet!$C$13:$C$11461,'Mês 1'!$AF$40) -> 0 | AG48: =SUMIFS(Timesheet!$F$13:$F$11461,Timesheet!$A$13:$A$11461,'Mês 1'!AC48,Timesheet!$C$13:$C$11461,'Mês 1'!$AG$40) -> 0 | AH48: =SUMIFS(Timesheet!$F$13:$F$11461,Timesheet!$A$13:$A$11461,'Mês 1'!AC48,Timesheet!$C$13:$C$11461,'Mês 1'!$AH$40) -> 0 | AI48: =SUMIFS(Timesheet!$F$13:$F$11461,Timesheet!$A$13:$A$11461,'Mês 1'!AC48,Timesheet!$C$13:$C$11461,'Mês 1'!$AI$40) -> 0 | AJ48: =SUMIFS(Timesheet!$F$13:$F$11461,Timesheet!$A$13:$A$11461,'Mês 1'!AC48,Timesheet!$C$13:$C$11461,'Mês 1'!$AJ$40) -> 0 | AK48: =SUMIFS(Timesheet!$F$13:$F$11461,Timesheet!$A$13:$A$11461,'Mês 1'!AC48,Timesheet!$C$13:$C$11461,'Mês 1'!$AK$40) -> 0 | AL48: =SUMIFS(Timesheet!$F$13:$F$11461,Timesheet!$A$13:$A$11461,'Mês 1'!AC48,Timesheet!$C$13:$C$11461,'Mês 1'!$AL$40) -> 0 | AM48: =SUM(AD48:AK48) -> 0 | AN48: {=MIN(IF(Timesheet!$A$13:$A$11483='Mês 1'!AC48,Timesheet!$D$13:$D$11483))} -> 0 | AO48: {=MAX(IF(Timesheet!$A$13:$A$11483='Mês 1'!AC48,Timesheet!$E$13:$E$11483))} -> 0 | AQ48: 45177 | AR48: =SUMIFS(Timesheet!$F$13:$F$11461,Timesheet!$A$13:$A$11461,'Mês 1'!AQ48,Timesheet!$C$13:$C$11461,'Mês 1'!$AR$40) -> 0 | AS48: =SUMIFS(Timesheet!$F$13:$F$11461,Timesheet!$A$13:$A$11461,'Mês 1'!AQ48,Timesheet!$C$13:$C$11461,'Mês 1'!$AS$40) -> 0 | AT48: =SUMIFS(Timesheet!$F$13:$F$11461,Timesheet!$A$13:$A$11461,'Mês 1'!AQ48,Timesheet!$C$13:$C$11461,'Mês 1'!$AT$40) -> 0 | AU48: =SUMIFS(Timesheet!$F$13:$F$11461,Timesheet!$A$13:$A$11461,'Mês 1'!AQ48,Timesheet!$C$13:$C$11461,'Mês 1'!$AU$40) -> 0 | AV48: =SUMIFS(Timesheet!$F$13:$F$11461,Timesheet!$A$13:$A$11461,'Mês 1'!AQ48,Timesheet!$C$13:$C$11461,'Mês 1'!$AV$40) -> 0 | AW48: =SUMIFS(Timesheet!$F$13:$F$11461,Timesheet!$A$13:$A$11461,'Mês 1'!AQ48,Timesheet!$C$13:$C$11461,'Mês 1'!$AW$40) -> 0 | AX48: =SUMIFS(Timesheet!$F$13:$F$11461,Timesheet!$A$13:$A$11461,'Mês 1'!AQ48,Timesheet!$C$13:$C$11461,'Mês 1'!$AX$40) -> 0 | AY48: =SUMIFS(Timesheet!$F$13:$F$11461,Timesheet!$A$13:$A$11461,'Mês 1'!AQ48,Timesheet!$C$13:$C$11461,'Mês 1'!$AY$40) -> 0 | AZ48: =SUMIFS(Timesheet!$F$13:$F$11461,Timesheet!$A$13:$A$11461,'Mês 1'!AQ48,Timesheet!$C$13:$C$11461,'Mês 1'!$AZ$40) -> 0 | BA48: =SUM(AR48:AY48) -> 0 | BB48: {=MIN(IF(Timesheet!$A$13:$A$11483='Mês 1'!AQ48,Timesheet!$D$13:$D$11483))} -> 0 | BC48: {=MAX(IF(Timesheet!$A$13:$A$11483='Mês 1'!AQ48,Timesheet!$E$13:$E$11483))} -> 0 | BE48: 45238 | BF48: =SUMIFS(Timesheet!$F$13:$F$11461,Timesheet!$A$13:$A$11461,'Mês 1'!BE48,Timesheet!$C$13:$C$11461,'Mês 1'!$BF$40) -> 0 | BG48: =SUMIFS(Timesheet!$F$13:$F$11461,Timesheet!$A$13:$A$11461,'Mês 1'!BE48,Timesheet!$C$13:$C$11461,'Mês 1'!$BG$40) -> 0 | BH48: =SUMIFS(Timesheet!$F$13:$F$11461,Timesheet!$A$13:$A$11461,'Mês 1'!BE48,Timesheet!$C$13:$C$11461,'Mês 1'!$BH$40) -> 0 | BI48: =SUMIFS(Timesheet!$F$13:$F$11461,Timesheet!$A$13:$A$11461,'Mês 1'!BE48,Timesheet!$C$13:$C$11461,'Mês 1'!$BI$40) -> 0 | BJ48: =SUMIFS(Timesheet!$F$13:$F$11461,Timesheet!$A$13:$A$11461,'Mês 1'!BE48,Timesheet!$C$13:$C$11461,'Mês 1'!$BJ$40) -> 0 | BK48: =SUMIFS(Timesheet!$F$13:$F$11461,Timesheet!$A$13:$A$11461,'Mês 1'!BE48,Timesheet!$C$13:$C$11461,'Mês 1'!$BK$40) -> 0 | BL48: =SUMIFS(Timesheet!$F$13:$F$11461,Timesheet!$A$13:$A$11461,'Mês 1'!BE48,Timesheet!$C$13:$C$11461,'Mês 1'!$BL$40) -> 0 | BM48: =SUMIFS(Timesheet!$F$13:$F$11461,Timesheet!$A$13:$A$11461,'Mês 1'!BE48,Timesheet!$C$13:$C$11461,'Mês 1'!$BM$40) -> 0 | BN48: =SUMIFS(Timesheet!$F$13:$F$11461,Timesheet!$A$13:$A$11461,'Mês 1'!BE48,Timesheet!$C$13:$C$11461,'Mês 1'!$BN$40) -> 0 | BO48: =SUM(BF48:BM48) -> 0 | BP48: {=MIN(IF(Timesheet!$A$13:$A$11483='Mês 1'!BE48,Timesheet!$D$13:$D$11483))} -> 0 | BQ48: {=MAX(IF(Timesheet!$A$13:$A$11483='Mês 1'!BE48,Timesheet!$E$13:$E$11483))} -> 0
A49: 44994 | B49: =SUMIFS(Timesheet!$F$13:$F$11461,Timesheet!$A$13:$A$11461,'Mês 1'!A49,Timesheet!$C$13:$C$11461,'Mês 1'!$B$40) -> 0 | C49: =SUMIFS(Timesheet!$F$13:$F$11461,Timesheet!$A$13:$A$11461,'Mês 1'!A49,Timesheet!$C$13:$C$11461,'Mês 1'!$C$40) -> 0 | D49: =SUMIFS(Timesheet!$F$13:$F$11461,Timesheet!$A$13:$A$11461,'Mês 1'!A49,Timesheet!$C$13:$C$11461,'Mês 1'!$D$40) -> 0 | E49: =SUMIFS(Timesheet!$F$13:$F$11461,Timesheet!$A$13:$A$11461,'Mês 1'!A49,Timesheet!$C$13:$C$11461,'Mês 1'!$E$40) -> 0 | F49: =SUMIFS(Timesheet!$F$13:$F$11461,Timesheet!$A$13:$A$11461,'Mês 1'!A49,Timesheet!$C$13:$C$11461,'Mês 1'!$F$40) -> 0 | G49: =SUMIFS(Timesheet!$F$13:$F$11461,Timesheet!$A$13:$A$11461,'Mês 1'!A49,Timesheet!$C$13:$C$11461,'Mês 1'!$G$40) -> 0 | H49: =SUMIFS(Timesheet!$F$13:$F$11461,Timesheet!$A$13:$A$11461,'Mês 1'!A49,Timesheet!$C$13:$C$11461,'Mês 1'!$H$40) -> 0 | I49: =SUMIFS(Timesheet!$F$13:$F$11461,Timesheet!$A$13:$A$11461,'Mês 1'!A49,Timesheet!$C$13:$C$11461,'Mês 1'!$I$40) -> 0 | J49: =SUMIFS(Timesheet!$F$13:$F$11461,Timesheet!$A$13:$A$11461,'Mês 1'!A49,Timesheet!$C$13:$C$11461,'Mês 1'!$J$40) -> 0 | K49: =SUM(B49:I49) -> 0 | L49: {=MIN(IF(Timesheet!$A$13:$A$11483='Mês 1'!A49,Timesheet!$D$13:$D$11483))} -> 0 | M49: {=MAX(IF(Timesheet!$A$13:$A$11483='Mês 1'!A49,Timesheet!$E$13:$E$11483))} -> 0 | O49: 45055 | P49: =SUMIFS(Timesheet!$F$13:$F$11461,Timesheet!$A$13:$A$11461,'Mês 1'!O49,Timesheet!$C$13:$C$11461,'Mês 1'!$P$40) -> 0 | Q49: =SUMIFS(Timesheet!$F$13:$F$11461,Timesheet!$A$13:$A$11461,'Mês 1'!O49,Timesheet!$C$13:$C$11461,'Mês 1'!$Q$40) -> 0 | R49: =SUMIFS(Timesheet!$F$13:$F$11461,Timesheet!$A$13:$A$11461,'Mês 1'!O49,Timesheet!$C$13:$C$11461,'Mês 1'!$R$40) -> 0 | S49: =SUMIFS(Timesheet!$F$13:$F$11461,Timesheet!$A$13:$A$11461,'Mês 1'!O49,Timesheet!$C$13:$C$11461,'Mês 1'!$S$40) -> 0 | T49: =SUMIFS(Timesheet!$F$13:$F$11461,Timesheet!$A$13:$A$11461,'Mês 1'!O49,Timesheet!$C$13:$C$11461,'Mês 1'!$T$40) -> 0 | U49: =SUMIFS(Timesheet!$F$13:$F$11461,Timesheet!$A$13:$A$11461,'Mês 1'!O49,Timesheet!$C$13:$C$11461,'Mês 1'!$U$40) -> 0 | V49: =SUMIFS(Timesheet!$F$13:$F$11461,Timesheet!$A$13:$A$11461,'Mês 1'!O49,Timesheet!$C$13:$C$11461,'Mês 1'!$V$40) -> 0 | W49: =SUMIFS(Timesheet!$F$13:$F$11461,Timesheet!$A$13:$A$11461,'Mês 1'!O49,Timesheet!$C$13:$C$11461,'Mês 1'!$W$40) -> 0 | X49: =SUMIFS(Timesheet!$F$13:$F$11461,Timesheet!$A$13:$A$11461,'Mês 1'!O49,Timesheet!$C$13:$C$11461,'Mês 1'!$X$40) -> 0 | Y49: =SUM(P49:W49) -> 0 | Z49: {=MIN(IF(Timesheet!$A$13:$A$11483='Mês 1'!O49,Timesheet!$D$13:$D$11483))} -> 0 | AA49: {=MAX(IF(Timesheet!$A$13:$A$11483='Mês 1'!O49,Timesheet!$E$13:$E$11483))} -> 0 | AC49: 45116 | AD49: =SUMIFS(Timesheet!$F$13:$F$11461,Timesheet!$A$13:$A$11461,'Mês 1'!AC49,Timesheet!$C$13:$C$11461,'Mês 1'!$AD$40) -> 0 | AE49: =SUMIFS(Timesheet!$F$13:$F$11461,Timesheet!$A$13:$A$11461,'Mês 1'!AC49,Timesheet!$C$13:$C$11461,'Mês 1'!$AE$40) -> 0 | AF49: =SUMIFS(Timesheet!$F$13:$F$11461,Timesheet!$A$13:$A$11461,'Mês 1'!AC49,Timesheet!$C$13:$C$11461,'Mês 1'!$AF$40) -> 0 | AG49: =SUMIFS(Timesheet!$F$13:$F$11461,Timesheet!$A$13:$A$11461,'Mês 1'!AC49,Timesheet!$C$13:$C$11461,'Mês 1'!$AG$40) -> 0 | AH49: =SUMIFS(Timesheet!$F$13:$F$11461,Timesheet!$A$13:$A$11461,'Mês 1'!AC49,Timesheet!$C$13:$C$11461,'Mês 1'!$AH$40) -> 0 | AI49: =SUMIFS(Timesheet!$F$13:$F$11461,Timesheet!$A$13:$A$11461,'Mês 1'!AC49,Timesheet!$C$13:$C$11461,'Mês 1'!$AI$40) -> 0 | AJ49: =SUMIFS(Timesheet!$F$13:$F$11461,Timesheet!$A$13:$A$11461,'Mês 1'!AC49,Timesheet!$C$13:$C$11461,'Mês 1'!$AJ$40) -> 0 | AK49: =SUMIFS(Timesheet!$F$13:$F$11461,Timesheet!$A$13:$A$11461,'Mês 1'!AC49,Timesheet!$C$13:$C$11461,'Mês 1'!$AK$40) -> 0 | AL49: =SUMIFS(Timesheet!$F$13:$F$11461,Timesheet!$A$13:$A$11461,'Mês 1'!AC49,Timesheet!$C$13:$C$11461,'Mês 1'!$AL$40) -> 0 | AM49: =SUM(AD49:AK49) -> 0 | AN49: {=MIN(IF(Timesheet!$A$13:$A$11483='Mês 1'!AC49,Timesheet!$D$13:$D$11483))} -> 0 | AO49: {=MAX(IF(Timesheet!$A$13:$A$11483='Mês 1'!AC49,Timesheet!$E$13:$E$11483))} -> 0 | AQ49: 45178 | AR49: =SUMIFS(Timesheet!$F$13:$F$11461,Timesheet!$A$13:$A$11461,'Mês 1'!AQ49,Timesheet!$C$13:$C$11461,'Mês 1'!$AR$40) -> 0 | AS49: =SUMIFS(Timesheet!$F$13:$F$11461,Timesheet!$A$13:$A$11461,'Mês 1'!AQ49,Timesheet!$C$13:$C$11461,'Mês 1'!$AS$40) -> 0 | AT49: =SUMIFS(Timesheet!$F$13:$F$11461,Timesheet!$A$13:$A$11461,'Mês 1'!AQ49,Timesheet!$C$13:$C$11461,'Mês 1'!$AT$40) -> 0 | AU49: =SUMIFS(Timesheet!$F$13:$F$11461,Timesheet!$A$13:$A$11461,'Mês 1'!AQ49,Timesheet!$C$13:$C$11461,'Mês 1'!$AU$40) -> 0 | AV49: =SUMIFS(Timesheet!$F$13:$F$11461,Timesheet!$A$13:$A$11461,'Mês 1'!AQ49,Timesheet!$C$13:$C$11461,'Mês 1'!$AV$40) -> 0 | AW49: =SUMIFS(Timesheet!$F$13:$F$11461,Timesheet!$A$13:$A$11461,'Mês 1'!AQ49,Timesheet!$C$13:$C$11461,'Mês 1'!$AW$40) -> 0 | AX49: =SUMIFS(Timesheet!$F$13:$F$11461,Timesheet!$A$13:$A$11461,'Mês 1'!AQ49,Timesheet!$C$13:$C$11461,'Mês 1'!$AX$40) -> 0 | AY49: =SUMIFS(Timesheet!$F$13:$F$11461,Timesheet!$A$13:$A$11461,'Mês 1'!AQ49,Timesheet!$C$13:$C$11461,'Mês 1'!$AY$40) -> 0 | AZ49: =SUMIFS(Timesheet!$F$13:$F$11461,Timesheet!$A$13:$A$11461,'Mês 1'!AQ49,Timesheet!$C$13:$C$11461,'Mês 1'!$AZ$40) -> 0 | BA49: =SUM(AR49:AY49) -> 0 | BB49: {=MIN(IF(Timesheet!$A$13:$A$11483='Mês 1'!AQ49,Timesheet!$D$13:$D$11483))} -> 0 | BC49: {=MAX(IF(Timesheet!$A$13:$A$11483='Mês 1'!AQ49,Timesheet!$E$13:$E$11483))} -> 0 | BE49: 45239 | BF49: =SUMIFS(Timesheet!$F$13:$F$11461,Timesheet!$A$13:$A$11461,'Mês 1'!BE49,Timesheet!$C$13:$C$11461,'Mês 1'!$BF$40) -> 0 | BG49: =SUMIFS(Timesheet!$F$13:$F$11461,Timesheet!$A$13:$A$11461,'Mês 1'!BE49,Timesheet!$C$13:$C$11461,'Mês 1'!$BG$40) -> 0 | BH49: =SUMIFS(Timesheet!$F$13:$F$11461,Timesheet!$A$13:$A$11461,'Mês 1'!BE49,Timesheet!$C$13:$C$11461,'Mês 1'!$BH$40) -> 0 | BI49: =SUMIFS(Timesheet!$F$13:$F$11461,Timesheet!$A$13:$A$11461,'Mês 1'!BE49,Timesheet!$C$13:$C$11461,'Mês 1'!$BI$40) -> 0 | BJ49: =SUMIFS(Timesheet!$F$13:$F$11461,Timesheet!$A$13:$A$11461,'Mês 1'!BE49,Timesheet!$C$13:$C$11461,'Mês 1'!$BJ$40) -> 0 | BK49: =SUMIFS(Timesheet!$F$13:$F$11461,Timesheet!$A$13:$A$11461,'Mês 1'!BE49,Timesheet!$C$13:$C$11461,'Mês 1'!$BK$40) -> 0 | BL49: =SUMIFS(Timesheet!$F$13:$F$11461,Timesheet!$A$13:$A$11461,'Mês 1'!BE49,Timesheet!$C$13:$C$11461,'Mês 1'!$BL$40) -> 0 | BM49: =SUMIFS(Timesheet!$F$13:$F$11461,Timesheet!$A$13:$A$11461,'Mês 1'!BE49,Timesheet!$C$13:$C$11461,'Mês 1'!$BM$40) -> 0 | BN49: =SUMIFS(Timesheet!$F$13:$F$11461,Timesheet!$A$13:$A$11461,'Mês 1'!BE49,Timesheet!$C$13:$C$11461,'Mês 1'!$BN$40) -> 0 | BO49: =SUM(BF49:BM49) -> 0 | BP49: {=MIN(IF(Timesheet!$A$13:$A$11483='Mês 1'!BE49,Timesheet!$D$13:$D$11483))} -> 0 | BQ49: {=MAX(IF(Timesheet!$A$13:$A$11483='Mês 1'!BE49,Timesheet!$E$13:$E$11483))} -> 0
A50: 44995 | B50: =SUMIFS(Timesheet!$F$13:$F$11461,Timesheet!$A$13:$A$11461,'Mês 1'!A50,Timesheet!$C$13:$C$11461,'Mês 1'!$B$40) -> 0 | C50: =SUMIFS(Timesheet!$F$13:$F$11461,Timesheet!$A$13:$A$11461,'Mês 1'!A50,Timesheet!$C$13:$C$11461,'Mês 1'!$C$40) -> 0 | D50: =SUMIFS(Timesheet!$F$13:$F$11461,Timesheet!$A$13:$A$11461,'Mês 1'!A50,Timesheet!$C$13:$C$11461,'Mês 1'!$D$40) -> 0 | E50: =SUMIFS(Timesheet!$F$13:$F$11461,Timesheet!$A$13:$A$11461,'Mês 1'!A50,Timesheet!$C$13:$C$11461,'Mês 1'!$E$40) -> 0 | F50: =SUMIFS(Timesheet!$F$13:$F$11461,Timesheet!$A$13:$A$11461,'Mês 1'!A50,Timesheet!$C$13:$C$11461,'Mês 1'!$F$40) -> 0 | G50: =SUMIFS(Timesheet!$F$13:$F$11461,Timesheet!$A$13:$A$11461,'Mês 1'!A50,Timesheet!$C$13:$C$11461,'Mês 1'!$G$40) -> 0 | H50: =SUMIFS(Timesheet!$F$13:$F$11461,Timesheet!$A$13:$A$11461,'Mês 1'!A50,Timesheet!$C$13:$C$11461,'Mês 1'!$H$40) -> 0 | I50: =SUMIFS(Timesheet!$F$13:$F$11461,Timesheet!$A$13:$A$11461,'Mês 1'!A50,Timesheet!$C$13:$C$11461,'Mês 1'!$I$40) -> 0 | J50: =SUMIFS(Timesheet!$F$13:$F$11461,Timesheet!$A$13:$A$11461,'Mês 1'!A50,Timesheet!$C$13:$C$11461,'Mês 1'!$J$40) -> 0 | K50: =SUM(B50:I50) -> 0 | L50: {=MIN(IF(Timesheet!$A$13:$A$11483='Mês 1'!A50,Timesheet!$D$13:$D$11483))} -> 0 | M50: {=MAX(IF(Timesheet!$A$13:$A$11483='Mês 1'!A50,Timesheet!$E$13:$E$11483))} -> 0 | O50: 45056 | P50: =SUMIFS(Timesheet!$F$13:$F$11461,Timesheet!$A$13:$A$11461,'Mês 1'!O50,Timesheet!$C$13:$C$11461,'Mês 1'!$P$40) -> 0 | Q50: =SUMIFS(Timesheet!$F$13:$F$11461,Timesheet!$A$13:$A$11461,'Mês 1'!O50,Timesheet!$C$13:$C$11461,'Mês 1'!$Q$40) -> 0 | R50: =SUMIFS(Timesheet!$F$13:$F$11461,Timesheet!$A$13:$A$11461,'Mês 1'!O50,Timesheet!$C$13:$C$11461,'Mês 1'!$R$40) -> 0 | S50: =SUMIFS(Timesheet!$F$13:$F$11461,Timesheet!$A$13:$A$11461,'Mês 1'!O50,Timesheet!$C$13:$C$11461,'Mês 1'!$S$40) -> 0 | T50: =SUMIFS(Timesheet!$F$13:$F$11461,Timesheet!$A$13:$A$11461,'Mês 1'!O50,Timesheet!$C$13:$C$11461,'Mês 1'!$T$40) -> 0 | U50: =SUMIFS(Timesheet!$F$13:$F$11461,Timesheet!$A$13:$A$11461,'Mês 1'!O50,Timesheet!$C$13:$C$11461,'Mês 1'!$U$40) -> 0 | V50: =SUMIFS(Timesheet!$F$13:$F$11461,Timesheet!$A$13:$A$11461,'Mês 1'!O50,Timesheet!$C$13:$C$11461,'Mês 1'!$V$40) -> 0 | W50: =SUMIFS(Timesheet!$F$13:$F$11461,Timesheet!$A$13:$A$11461,'Mês 1'!O50,Timesheet!$C$13:$C$11461,'Mês 1'!$W$40) -> 0 | X50: =SUMIFS(Timesheet!$F$13:$F$11461,Timesheet!$A$13:$A$11461,'Mês 1'!O50,Timesheet!$C$13:$C$11461,'Mês 1'!$X$40) -> 0 | Y50: =SUM(P50:W50) -> 0 | Z50: {=MIN(IF(Timesheet!$A$13:$A$11483='Mês 1'!O50,Timesheet!$D$13:$D$11483))} -> 0 | AA50: {=MAX(IF(Timesheet!$A$13:$A$11483='Mês 1'!O50,Timesheet!$E$13:$E$11483))} -> 0 | AC50: 45117 | AD50: =SUMIFS(Timesheet!$F$13:$F$11461,Timesheet!$A$13:$A$11461,'Mês 1'!AC50,Timesheet!$C$13:$C$11461,'Mês 1'!$AD$40) -> 0 | AE50: =SUMIFS(Timesheet!$F$13:$F$11461,Timesheet!$A$13:$A$11461,'Mês 1'!AC50,Timesheet!$C$13:$C$11461,'Mês 1'!$AE$40) -> 0 | AF50: =SUMIFS(Timesheet!$F$13:$F$11461,Timesheet!$A$13:$A$11461,'Mês 1'!AC50,Timesheet!$C$13:$C$11461,'Mês 1'!$AF$40) -> 0 | AG50: =SUMIFS(Timesheet!$F$13:$F$11461,Timesheet!$A$13:$A$11461,'Mês 1'!AC50,Timesheet!$C$13:$C$11461,'Mês 1'!$AG$40) -> 0 | AH50: =SUMIFS(Timesheet!$F$13:$F$11461,Timesheet!$A$13:$A$11461,'Mês 1'!AC50,Timesheet!$C$13:$C$11461,'Mês 1'!$AH$40) -> 0 | AI50: =SUMIFS(Timesheet!$F$13:$F$11461,Timesheet!$A$13:$A$11461,'Mês 1'!AC50,Timesheet!$C$13:$C$11461,'Mês 1'!$AI$40) -> 0 | AJ50: =SUMIFS(Timesheet!$F$13:$F$11461,Timesheet!$A$13:$A$11461,'Mês 1'!AC50,Timesheet!$C$13:$C$11461,'Mês 1'!$AJ$40) -> 0 | AK50: =SUMIFS(Timesheet!$F$13:$F$11461,Timesheet!$A$13:$A$11461,'Mês 1'!AC50,Timesheet!$C$13:$C$11461,'Mês 1'!$AK$40) -> 0 | AL50: =SUMIFS(Timesheet!$F$13:$F$11461,Timesheet!$A$13:$A$11461,'Mês 1'!AC50,Timesheet!$C$13:$C$11461,'Mês 1'!$AL$40) -> 0 | AM50: =SUM(AD50:AK50) -> 0 | AN50: {=MIN(IF(Timesheet!$A$13:$A$11483='Mês 1'!AC50,Timesheet!$D$13:$D$11483))} -> 0 | AO50: {=MAX(IF(Timesheet!$A$13:$A$11483='Mês 1'!AC50,Timesheet!$E$13:$E$11483))} -> 0 | AQ50: 45179 | AR50: =SUMIFS(Timesheet!$F$13:$F$11461,Timesheet!$A$13:$A$11461,'Mês 1'!AQ50,Timesheet!$C$13:$C$11461,'Mês 1'!$AR$40) -> 0 | AS50: =SUMIFS(Timesheet!$F$13:$F$11461,Timesheet!$A$13:$A$11461,'Mês 1'!AQ50,Timesheet!$C$13:$C$11461,'Mês 1'!$AS$40) -> 0 | AT50: =SUMIFS(Timesheet!$F$13:$F$11461,Timesheet!$A$13:$A$11461,'Mês 1'!AQ50,Timesheet!$C$13:$C$11461,'Mês 1'!$AT$40) -> 0 | AU50: =SUMIFS(Timesheet!$F$13:$F$11461,Timesheet!$A$13:$A$11461,'Mês 1'!AQ50,Timesheet!$C$13:$C$11461,'Mês 1'!$AU$40) -> 0 | AV50: =SUMIFS(Timesheet!$F$13:$F$11461,Timesheet!$A$13:$A$11461,'Mês 1'!AQ50,Timesheet!$C$13:$C$11461,'Mês 1'!$AV$40) -> 0 | AW50: =SUMIFS(Timesheet!$F$13:$F$11461,Timesheet!$A$13:$A$11461,'Mês 1'!AQ50,Timesheet!$C$13:$C$11461,'Mês 1'!$AW$40) -> 0 | AX50: =SUMIFS(Timesheet!$F$13:$F$11461,Timesheet!$A$13:$A$11461,'Mês 1'!AQ50,Timesheet!$C$13:$C$11461,'Mês 1'!$AX$40) -> 0 | AY50: =SUMIFS(Timesheet!$F$13:$F$11461,Timesheet!$A$13:$A$11461,'Mês 1'!AQ50,Timesheet!$C$13:$C$11461,'Mês 1'!$AY$40) -> 0 | AZ50: =SUMIFS(Timesheet!$F$13:$F$11461,Timesheet!$A$13:$A$11461,'Mês 1'!AQ50,Timesheet!$C$13:$C$11461,'Mês 1'!$AZ$40) -> 0 | BA50: =SUM(AR50:AY50) -> 0 | BB50: {=MIN(IF(Timesheet!$A$13:$A$11483='Mês 1'!AQ50,Timesheet!$D$13:$D$11483))} -> 0 | BC50: {=MAX(IF(Timesheet!$A$13:$A$11483='Mês 1'!AQ50,Timesheet!$E$13:$E$11483))} -> 0 | BE50: 45240 | BF50: =SUMIFS(Timesheet!$F$13:$F$11461,Timesheet!$A$13:$A$11461,'Mês 1'!BE50,Timesheet!$C$13:$C$11461,'Mês 1'!$BF$40) -> 0 | BG50: =SUMIFS(Timesheet!$F$13:$F$11461,Timesheet!$A$13:$A$11461,'Mês 1'!BE50,Timesheet!$C$13:$C$11461,'Mês 1'!$BG$40) -> 0 | BH50: =SUMIFS(Timesheet!$F$13:$F$11461,Timesheet!$A$13:$A$11461,'Mês 1'!BE50,Timesheet!$C$13:$C$11461,'Mês 1'!$BH$40) -> 0 | BI50: =SUMIFS(Timesheet!$F$13:$F$11461,Timesheet!$A$13:$A$11461,'Mês 1'!BE50,Timesheet!$C$13:$C$11461,'Mês 1'!$BI$40) -> 0 | BJ50: =SUMIFS(Timesheet!$F$13:$F$11461,Timesheet!$A$13:$A$11461,'Mês 1'!BE50,Timesheet!$C$13:$C$11461,'Mês 1'!$BJ$40) -> 0 | BK50: =SUMIFS(Timesheet!$F$13:$F$11461,Timesheet!$A$13:$A$11461,'Mês 1'!BE50,Timesheet!$C$13:$C$11461,'Mês 1'!$BK$40) -> 0 | BL50: =SUMIFS(Timesheet!$F$13:$F$11461,Timesheet!$A$13:$A$11461,'Mês 1'!BE50,Timesheet!$C$13:$C$11461,'Mês 1'!$BL$40) -> 0 | BM50: =SUMIFS(Timesheet!$F$13:$F$11461,Timesheet!$A$13:$A$11461,'Mês 1'!BE50,Timesheet!$C$13:$C$11461,'Mês 1'!$BM$40) -> 0 | BN50: =SUMIFS(Timesheet!$F$13:$F$11461,Timesheet!$A$13:$A$11461,'Mês 1'!BE50,Timesheet!$C$13:$C$11461,'Mês 1'!$BN$40) -> 0 | BO50: =SUM(BF50:BM50) -> 0 | BP50: {=MIN(IF(Timesheet!$A$13:$A$11483='Mês 1'!BE50,Timesheet!$D$13:$D$11483))} -> 0 | BQ50: {=MAX(IF(Timesheet!$A$13:$A$11483='Mês 1'!BE50,Timesheet!$E$13:$E$11483))} -> 0
A51: 44996 | B51: =SUMIFS(Timesheet!$F$13:$F$11461,Timesheet!$A$13:$A$11461,'Mês 1'!A51,Timesheet!$C$13:$C$11461,'Mês 1'!$B$40) -> 0 | C51: =SUMIFS(Timesheet!$F$13:$F$11461,Timesheet!$A$13:$A$11461,'Mês 1'!A51,Timesheet!$C$13:$C$11461,'Mês 1'!$C$40) -> 0 | D51: =SUMIFS(Timesheet!$F$13:$F$11461,Timesheet!$A$13:$A$11461,'Mês 1'!A51,Timesheet!$C$13:$C$11461,'Mês 1'!$D$40) -> 0 | E51: =SUMIFS(Timesheet!$F$13:$F$11461,Timesheet!$A$13:$A$11461,'Mês 1'!A51,Timesheet!$C$13:$C$11461,'Mês 1'!$E$40) -> 0 | F51: =SUMIFS(Timesheet!$F$13:$F$11461,Timesheet!$A$13:$A$11461,'Mês 1'!A51,Timesheet!$C$13:$C$11461,'Mês 1'!$F$40) -> 0 | G51: =SUMIFS(Timesheet!$F$13:$F$11461,Timesheet!$A$13:$A$11461,'Mês 1'!A51,Timesheet!$C$13:$C$11461,'Mês 1'!$G$40) -> 0 | H51: =SUMIFS(Timesheet!$F$13:$F$11461,Timesheet!$A$13:$A$11461,'Mês 1'!A51,Timesheet!$C$13:$C$11461,'Mês 1'!$H$40) -> 0 | I51: =SUMIFS(Timesheet!$F$13:$F$11461,Timesheet!$A$13:$A$11461,'Mês 1'!A51,Timesheet!$C$13:$C$11461,'Mês 1'!$I$40) -> 0 | J51: =SUMIFS(Timesheet!$F$13:$F$11461,Timesheet!$A$13:$A$11461,'Mês 1'!A51,Timesheet!$C$13:$C$11461,'Mês 1'!$J$40) -> 0 | K51: =SUM(B51:I51) -> 0 | L51: {=MIN(IF(Timesheet!$A$13:$A$11483='Mês 1'!A51,Timesheet!$D$13:$D$11483))} -> 0 | M51: {=MAX(IF(Timesheet!$A$13:$A$11483='Mês 1'!A51,Timesheet!$E$13:$E$11483))} -> 0 | O51: 45057 | P51: =SUMIFS(Timesheet!$F$13:$F$11461,Timesheet!$A$13:$A$11461,'Mês 1'!O51,Timesheet!$C$13:$C$11461,'Mês 1'!$P$40) -> 0 | Q51: =SUMIFS(Timesheet!$F$13:$F$11461,Timesheet!$A$13:$A$11461,'Mês 1'!O51,Timesheet!$C$13:$C$11461,'Mês 1'!$Q$40) -> 0 | R51: =SUMIFS(Timesheet!$F$13:$F$11461,Timesheet!$A$13:$A$11461,'Mês 1'!O51,Timesheet!$C$13:$C$11461,'Mês 1'!$R$40) -> 0 | S51: =SUMIFS(Timesheet!$F$13:$F$11461,Timesheet!$A$13:$A$11461,'Mês 1'!O51,Timesheet!$C$13:$C$11461,'Mês 1'!$S$40) -> 0 | T51: =SUMIFS(Timesheet!$F$13:$F$11461,Timesheet!$A$13:$A$11461,'Mês 1'!O51,Timesheet!$C$13:$C$11461,'Mês 1'!$T$40) -> 0 | U51: =SUMIFS(Timesheet!$F$13:$F$11461,Timesheet!$A$13:$A$11461,'Mês 1'!O51,Timesheet!$C$13:$C$11461,'Mês 1'!$U$40) -> 0 | V51: =SUMIFS(Timesheet!$F$13:$F$11461,Timesheet!$A$13:$A$11461,'Mês 1'!O51,Timesheet!$C$13:$C$11461,'Mês 1'!$V$40) -> 0 | W51: =SUMIFS(Timesheet!$F$13:$F$11461,Timesheet!$A$13:$A$11461,'Mês 1'!O51,Timesheet!$C$13:$C$11461,'Mês 1'!$W$40) -> 0 | X51: =SUMIFS(Timesheet!$F$13:$F$11461,Timesheet!$A$13:$A$11461,'Mês 1'!O51,Timesheet!$C$13:$C$11461,'Mês 1'!$X$40) -> 0 | Y51: =SUM(P51:W51) -> 0 | Z51: {=MIN(IF(Timesheet!$A$13:$A$11483='Mês 1'!O51,Timesheet!$D$13:$D$11483))} -> 0 | AA51: {=MAX(IF(Timesheet!$A$13:$A$11483='Mês 1'!O51,Timesheet!$E$13:$E$11483))} -> 0 | AC51: 45118 | AD51: =SUMIFS(Timesheet!$F$13:$F$11461,Timesheet!$A$13:$A$11461,'Mês 1'!AC51,Timesheet!$C$13:$C$11461,'Mês 1'!$AD$40) -> 0 | AE51: =SUMIFS(Timesheet!$F$13:$F$11461,Timesheet!$A$13:$A$11461,'Mês 1'!AC51,Timesheet!$C$13:$C$11461,'Mês 1'!$AE$40) -> 0 | AF51: =SUMIFS(Timesheet!$F$13:$F$11461,Timesheet!$A$13:$A$11461,'Mês 1'!AC51,Timesheet!$C$13:$C$11461,'Mês 1'!$AF$40) -> 0 | AG51: =SUMIFS(Timesheet!$F$13:$F$11461,Timesheet!$A$13:$A$11461,'Mês 1'!AC51,Timesheet!$C$13:$C$11461,'Mês 1'!$AG$40) -> 0 | AH51: =SUMIFS(Timesheet!$F$13:$F$11461,Timesheet!$A$13:$A$11461,'Mês 1'!AC51,Timesheet!$C$13:$C$11461,'Mês 1'!$AH$40) -> 0 | AI51: =SUMIFS(Timesheet!$F$13:$F$11461,Timesheet!$A$13:$A$11461,'Mês 1'!AC51,Timesheet!$C$13:$C$11461,'Mês 1'!$AI$40) -> 0 | AJ51: =SUMIFS(Timesheet!$F$13:$F$11461,Timesheet!$A$13:$A$11461,'Mês 1'!AC51,Timesheet!$C$13:$C$11461,'Mês 1'!$AJ$40) -> 0 | AK51: =SUMIFS(Timesheet!$F$13:$F$11461,Timesheet!$A$13:$A$11461,'Mês 1'!AC51,Timesheet!$C$13:$C$11461,'Mês 1'!$AK$40) -> 0 | AL51: =SUMIFS(Timesheet!$F$13:$F$11461,Timesheet!$A$13:$A$11461,'Mês 1'!AC51,Timesheet!$C$13:$C$11461,'Mês 1'!$AL$40) -> 0 | AM51: =SUM(AD51:AK51) -> 0 | AN51: {=MIN(IF(Timesheet!$A$13:$A$11483='Mês 1'!AC51,Timesheet!$D$13:$D$11483))} -> 0 | AO51: {=MAX(IF(Timesheet!$A$13:$A$11483='Mês 1'!AC51,Timesheet!$E$13:$E$11483))} -> 0 | AQ51: 45180 | AR51: =SUMIFS(Timesheet!$F$13:$F$11461,Timesheet!$A$13:$A$11461,'Mês 1'!AQ51,Timesheet!$C$13:$C$11461,'Mês 1'!$AR$40) -> 0 | AS51: =SUMIFS(Timesheet!$F$13:$F$11461,Timesheet!$A$13:$A$11461,'Mês 1'!AQ51,Timesheet!$C$13:$C$11461,'Mês 1'!$AS$40) -> 0 | AT51: =SUMIFS(Timesheet!$F$13:$F$11461,Timesheet!$A$13:$A$11461,'Mês 1'!AQ51,Timesheet!$C$13:$C$11461,'Mês 1'!$AT$40) -> 0 | AU51: =SUMIFS(Timesheet!$F$13:$F$11461,Timesheet!$A$13:$A$11461,'Mês 1'!AQ51,Timesheet!$C$13:$C$11461,'Mês 1'!$AU$40) -> 0 | AV51: =SUMIFS(Timesheet!$F$13:$F$11461,Timesheet!$A$13:$A$11461,'Mês 1'!AQ51,Timesheet!$C$13:$C$11461,'Mês 1'!$AV$40) -> 0 | AW51: =SUMIFS(Timesheet!$F$13:$F$11461,Timesheet!$A$13:$A$11461,'Mês 1'!AQ51,Timesheet!$C$13:$C$11461,'Mês 1'!$AW$40) -> 0 | AX51: =SUMIFS(Timesheet!$F$13:$F$11461,Timesheet!$A$13:$A$11461,'Mês 1'!AQ51,Timesheet!$C$13:$C$11461,'Mês 1'!$AX$40) -> 0 | AY51: =SUMIFS(Timesheet!$F$13:$F$11461,Timesheet!$A$13:$A$11461,'Mês 1'!AQ51,Timesheet!$C$13:$C$11461,'Mês 1'!$AY$40) -> 0 | AZ51: =SUMIFS(Timesheet!$F$13:$F$11461,Timesheet!$A$13:$A$11461,'Mês 1'!AQ51,Timesheet!$C$13:$C$11461,'Mês 1'!$AZ$40) -> 0 | BA51: =SUM(AR51:AY51) -> 0 | BB51: {=MIN(IF(Timesheet!$A$13:$A$11483='Mês 1'!AQ51,Timesheet!$D$13:$D$11483))} -> 0 | BC51: {=MAX(IF(Timesheet!$A$13:$A$11483='Mês 1'!AQ51,Timesheet!$E$13:$E$11483))} -> 0 | BE51: 45241 | BF51: =SUMIFS(Timesheet!$F$13:$F$11461,Timesheet!$A$13:$A$11461,'Mês 1'!BE51,Timesheet!$C$13:$C$11461,'Mês 1'!$BF$40) -> 0 | BG51: =SUMIFS(Timesheet!$F$13:$F$11461,Timesheet!$A$13:$A$11461,'Mês 1'!BE51,Timesheet!$C$13:$C$11461,'Mês 1'!$BG$40) -> 0 | BH51: =SUMIFS(Timesheet!$F$13:$F$11461,Timesheet!$A$13:$A$11461,'Mês 1'!BE51,Timesheet!$C$13:$C$11461,'Mês 1'!$BH$40) -> 0 | BI51: =SUMIFS(Timesheet!$F$13:$F$11461,Timesheet!$A$13:$A$11461,'Mês 1'!BE51,Timesheet!$C$13:$C$11461,'Mês 1'!$BI$40) -> 0 | BJ51: =SUMIFS(Timesheet!$F$13:$F$11461,Timesheet!$A$13:$A$11461,'Mês 1'!BE51,Timesheet!$C$13:$C$11461,'Mês 1'!$BJ$40) -> 0 | BK51: =SUMIFS(Timesheet!$F$13:$F$11461,Timesheet!$A$13:$A$11461,'Mês 1'!BE51,Timesheet!$C$13:$C$11461,'Mês 1'!$BK$40) -> 0 | BL51: =SUMIFS(Timesheet!$F$13:$F$11461,Timesheet!$A$13:$A$11461,'Mês 1'!BE51,Timesheet!$C$13:$C$11461,'Mês 1'!$BL$40) -> 0 | BM51: =SUMIFS(Timesheet!$F$13:$F$11461,Timesheet!$A$13:$A$11461,'Mês 1'!BE51,Timesheet!$C$13:$C$11461,'Mês 1'!$BM$40) -> 0 | BN51: =SUMIFS(Timesheet!$F$13:$F$11461,Timesheet!$A$13:$A$11461,'Mês 1'!BE51,Timesheet!$C$13:$C$11461,'Mês 1'!$BN$40) -> 0 | BO51: =SUM(BF51:BM51) -> 0 | BP51: {=MIN(IF(Timesheet!$A$13:$A$11483='Mês 1'!BE51,Timesheet!$D$13:$D$11483))} -> 0 | BQ51: {=MAX(IF(Timesheet!$A$13:$A$11483='Mês 1'!BE51,Timesheet!$E$13:$E$11483))} -> 0
A52: 44997 | B52: =SUMIFS(Timesheet!$F$13:$F$11461,Timesheet!$A$13:$A$11461,'Mês 1'!A52,Timesheet!$C$13:$C$11461,'Mês 1'!$B$40) -> 0 | C52: =SUMIFS(Timesheet!$F$13:$F$11461,Timesheet!$A$13:$A$11461,'Mês 1'!A52,Timesheet!$C$13:$C$11461,'Mês 1'!$C$40) -> 0 | D52: =SUMIFS(Timesheet!$F$13:$F$11461,Timesheet!$A$13:$A$11461,'Mês 1'!A52,Timesheet!$C$13:$C$11461,'Mês 1'!$D$40) -> 0 | E52: =SUMIFS(Timesheet!$F$13:$F$11461,Timesheet!$A$13:$A$11461,'Mês 1'!A52,Timesheet!$C$13:$C$11461,'Mês 1'!$E$40) -> 0 | F52: =SUMIFS(Timesheet!$F$13:$F$11461,Timesheet!$A$13:$A$11461,'Mês 1'!A52,Timesheet!$C$13:$C$11461,'Mês 1'!$F$40) -> 0 | G52: =SUMIFS(Timesheet!$F$13:$F$11461,Timesheet!$A$13:$A$11461,'Mês 1'!A52,Timesheet!$C$13:$C$11461,'Mês 1'!$G$40) -> 0 | H52: =SUMIFS(Timesheet!$F$13:$F$11461,Timesheet!$A$13:$A$11461,'Mês 1'!A52,Timesheet!$C$13:$C$11461,'Mês 1'!$H$40) -> 0 | I52: =SUMIFS(Timesheet!$F$13:$F$11461,Timesheet!$A$13:$A$11461,'Mês 1'!A52,Timesheet!$C$13:$C$11461,'Mês 1'!$I$40) -> 0 | J52: =SUMIFS(Timesheet!$F$13:$F$11461,Timesheet!$A$13:$A$11461,'Mês 1'!A52,Timesheet!$C$13:$C$11461,'Mês 1'!$J$40) -> 0 | K52: =SUM(B52:I52) -> 0 | L52: {=MIN(IF(Timesheet!$A$13:$A$11483='Mês 1'!A52,Timesheet!$D$13:$D$11483))} -> 0 | M52: {=MAX(IF(Timesheet!$A$13:$A$11483='Mês 1'!A52,Timesheet!$E$13:$E$11483))} -> 0 | O52: 45058 | P52: =SUMIFS(Timesheet!$F$13:$F$11461,Timesheet!$A$13:$A$11461,'Mês 1'!O52,Timesheet!$C$13:$C$11461,'Mês 1'!$P$40) -> 0 | Q52: =SUMIFS(Timesheet!$F$13:$F$11461,Timesheet!$A$13:$A$11461,'Mês 1'!O52,Timesheet!$C$13:$C$11461,'Mês 1'!$Q$40) -> 0 | R52: =SUMIFS(Timesheet!$F$13:$F$11461,Timesheet!$A$13:$A$11461,'Mês 1'!O52,Timesheet!$C$13:$C$11461,'Mês 1'!$R$40) -> 0 | S52: =SUMIFS(Timesheet!$F$13:$F$11461,Timesheet!$A$13:$A$11461,'Mês 1'!O52,Timesheet!$C$13:$C$11461,'Mês 1'!$S$40) -> 0 | T52: =SUMIFS(Timesheet!$F$13:$F$11461,Timesheet!$A$13:$A$11461,'Mês 1'!O52,Timesheet!$C$13:$C$11461,'Mês 1'!$T$40) -> 0 | U52: =SUMIFS(Timesheet!$F$13:$F$11461,Timesheet!$A$13:$A$11461,'Mês 1'!O52,Timesheet!$C$13:$C$11461,'Mês 1'!$U$40) -> 0 | V52: =SUMIFS(Timesheet!$F$13:$F$11461,Timesheet!$A$13:$A$11461,'Mês 1'!O52,Timesheet!$C$13:$C$11461,'Mês 1'!$V$40) -> 0 | W52: =SUMIFS(Timesheet!$F$13:$F$11461,Timesheet!$A$13:$A$11461,'Mês 1'!O52,Timesheet!$C$13:$C$11461,'Mês 1'!$W$40) -> 0 | X52: =SUMIFS(Timesheet!$F$13:$F$11461,Timesheet!$A$13:$A$11461,'Mês 1'!O52,Timesheet!$C$13:$C$11461,'Mês 1'!$X$40) -> 0 | Y52: =SUM(P52:W52) -> 0 | Z52: {=MIN(IF(Timesheet!$A$13:$A$11483='Mês 1'!O52,Timesheet!$D$13:$D$11483))} -> 0 | AA52: {=MAX(IF(Timesheet!$A$13:$A$11483='Mês 1'!O52,Timesheet!$E$13:$E$11483))} -> 0 | AC52: 45119 | AD52: =SUMIFS(Timesheet!$F$13:$F$11461,Timesheet!$A$13:$A$11461,'Mês 1'!AC52,Timesheet!$C$13:$C$11461,'Mês 1'!$AD$40) -> 0 | AE52: =SUMIFS(Timesheet!$F$13:$F$11461,Timesheet!$A$13:$A$11461,'Mês 1'!AC52,Timesheet!$C$13:$C$11461,'Mês 1'!$AE$40) -> 0 | AF52: =SUMIFS(Timesheet!$F$13:$F$11461,Timesheet!$A$13:$A$11461,'Mês 1'!AC52,Timesheet!$C$13:$C$11461,'Mês 1'!$AF$40) -> 0 | AG52: =SUMIFS(Timesheet!$F$13:$F$11461,Timesheet!$A$13:$A$11461,'Mês 1'!AC52,Timesheet!$C$13:$C$11461,'Mês 1'!$AG$40) -> 0 | AH52: =SUMIFS(Timesheet!$F$13:$F$11461,Timesheet!$A$13:$A$11461,'Mês 1'!AC52,Timesheet!$C$13:$C$11461,'Mês 1'!$AH$40) -> 0 | AI52: =SUMIFS(Timesheet!$F$13:$F$11461,Timesheet!$A$13:$A$11461,'Mês 1'!AC52,Timesheet!$C$13:$C$11461,'Mês 1'!$AI$40) -> 0 | AJ52: =SUMIFS(Timesheet!$F$13:$F$11461,Timesheet!$A$13:$A$11461,'Mês 1'!AC52,Timesheet!$C$13:$C$11461,'Mês 1'!$AJ$40) -> 0 | AK52: =SUMIFS(Timesheet!$F$13:$F$11461,Timesheet!$A$13:$A$11461,'Mês 1'!AC52,Timesheet!$C$13:$C$11461,'Mês 1'!$AK$40) -> 0 | AL52: =SUMIFS(Timesheet!$F$13:$F$11461,Timesheet!$A$13:$A$11461,'Mês 1'!AC52,Timesheet!$C$13:$C$11461,'Mês 1'!$AL$40) -> 0 | AM52: =SUM(AD52:AK52) -> 0 | AN52: {=MIN(IF(Timesheet!$A$13:$A$11483='Mês 1'!AC52,Timesheet!$D$13:$D$11483))} -> 0 | AO52: {=MAX(IF(Timesheet!$A$13:$A$11483='Mês 1'!AC52,Timesheet!$E$13:$E$11483))} -> 0 | AQ52: 45181 | AR52: =SUMIFS(Timesheet!$F$13:$F$11461,Timesheet!$A$13:$A$11461,'Mês 1'!AQ52,Timesheet!$C$13:$C$11461,'Mês 1'!$AR$40) -> 0 | AS52: =SUMIFS(Timesheet!$F$13:$F$11461,Timesheet!$A$13:$A$11461,'Mês 1'!AQ52,Timesheet!$C$13:$C$11461,'Mês 1'!$AS$40) -> 0 | AT52: =SUMIFS(Timesheet!$F$13:$F$11461,Timesheet!$A$13:$A$11461,'Mês 1'!AQ52,Timesheet!$C$13:$C$11461,'Mês 1'!$AT$40) -> 0 | AU52: =SUMIFS(Timesheet!$F$13:$F$11461,Timesheet!$A$13:$A$11461,'Mês 1'!AQ52,Timesheet!$C$13:$C$11461,'Mês 1'!$AU$40) -> 0 | AV52: =SUMIFS(Timesheet!$F$13:$F$11461,Timesheet!$A$13:$A$11461,'Mês 1'!AQ52,Timesheet!$C$13:$C$11461,'Mês 1'!$AV$40) -> 0 | AW52: =SUMIFS(Timesheet!$F$13:$F$11461,Timesheet!$A$13:$A$11461,'Mês 1'!AQ52,Timesheet!$C$13:$C$11461,'Mês 1'!$AW$40) -> 0 | AX52: =SUMIFS(Timesheet!$F$13:$F$11461,Timesheet!$A$13:$A$11461,'Mês 1'!AQ52,Timesheet!$C$13:$C$11461,'Mês 1'!$AX$40) -> 0 | AY52: =SUMIFS(Timesheet!$F$13:$F$11461,Timesheet!$A$13:$A$11461,'Mês 1'!AQ52,Timesheet!$C$13:$C$11461,'Mês 1'!$AY$40) -> 0 | AZ52: =SUMIFS(Timesheet!$F$13:$F$11461,Timesheet!$A$13:$A$11461,'Mês 1'!AQ52,Timesheet!$C$13:$C$11461,'Mês 1'!$AZ$40) -> 0 | BA52: =SUM(AR52:AY52) -> 0 | BB52: {=MIN(IF(Timesheet!$A$13:$A$11483='Mês 1'!AQ52,Timesheet!$D$13:$D$11483))} -> 0 | BC52: {=MAX(IF(Timesheet!$A$13:$A$11483='Mês 1'!AQ52,Timesheet!$E$13:$E$11483))} -> 0 | BE52: 45242 | BF52: =SUMIFS(Timesheet!$F$13:$F$11461,Timesheet!$A$13:$A$11461,'Mês 1'!BE52,Timesheet!$C$13:$C$11461,'Mês 1'!$BF$40) -> 0 | BG52: =SUMIFS(Timesheet!$F$13:$F$11461,Timesheet!$A$13:$A$11461,'Mês 1'!BE52,Timesheet!$C$13:$C$11461,'Mês 1'!$BG$40) -> 0 | BH52: =SUMIFS(Timesheet!$F$13:$F$11461,Timesheet!$A$13:$A$11461,'Mês 1'!BE52,Timesheet!$C$13:$C$11461,'Mês 1'!$BH$40) -> 0 | BI52: =SUMIFS(Timesheet!$F$13:$F$11461,Timesheet!$A$13:$A$11461,'Mês 1'!BE52,Timesheet!$C$13:$C$11461,'Mês 1'!$BI$40) -> 0 | BJ52: =SUMIFS(Timesheet!$F$13:$F$11461,Timesheet!$A$13:$A$11461,'Mês 1'!BE52,Timesheet!$C$13:$C$11461,'Mês 1'!$BJ$40) -> 0 | BK52: =SUMIFS(Timesheet!$F$13:$F$11461,Timesheet!$A$13:$A$11461,'Mês 1'!BE52,Timesheet!$C$13:$C$11461,'Mês 1'!$BK$40) -> 0 | BL52: =SUMIFS(Timesheet!$F$13:$F$11461,Timesheet!$A$13:$A$11461,'Mês 1'!BE52,Timesheet!$C$13:$C$11461,'Mês 1'!$BL$40) -> 0 | BM52: =SUMIFS(Timesheet!$F$13:$F$11461,Timesheet!$A$13:$A$11461,'Mês 1'!BE52,Timesheet!$C$13:$C$11461,'Mês 1'!$BM$40) -> 0 | BN52: =SUMIFS(Timesheet!$F$13:$F$11461,Timesheet!$A$13:$A$11461,'Mês 1'!BE52,Timesheet!$C$13:$C$11461,'Mês 1'!$BN$40) -> 0 | BO52: =SUM(BF52:BM52) -> 0 | BP52: {=MIN(IF(Timesheet!$A$13:$A$11483='Mês 1'!BE52,Timesheet!$D$13:$D$11483))} -> 0 | BQ52: {=MAX(IF(Timesheet!$A$13:$A$11483='Mês 1'!BE52,Timesheet!$E$13:$E$11483))} -> 0
... A70: 45015 | B70: =SUMIFS(Timesheet!$F$13:$F$11461,Timesheet!$A$13:$A$11461,'Mês 1'!A70,Timesheet!$C$13:$C$11461,'Mês 1'!$B$40) -> 0 | C70: =SUMIFS(Timesheet!$F$13:$F$11461,Timesheet!$A$13:$A$11461,'Mês 1'!A70,Timesheet!$C$13:$C$11461,'Mês 1'!$C$40) -> 0 | D70: =SUMIFS(Timesheet!$F$13:$F$11461,Timesheet!$A$13:$A$11461,'Mês 1'!A70,Timesheet!$C$13:$C$11461,'Mês 1'!$D$40) -> 0 | E70: =SUMIFS(Timesheet!$F$13:$F$11461,Timesheet!$A$13:$A$11461,'Mês 1'!A70,Timesheet!$C$13:$C$11461,'Mês 1'!$E$40) -> 0 | F70: =SUMIFS(Timesheet!$F$13:$F$11461,Timesheet!$A$13:$A$11461,'Mês 1'!A70,Timesheet!$C$13:$C$11461,'Mês 1'!$F$40) -> 0 | G70: =SUMIFS(Timesheet!$F$13:$F$11461,Timesheet!$A$13:$A$11461,'Mês 1'!A70,Timesheet!$C$13:$C$11461,'Mês 1'!$G$40) -> 0 | H70: =SUMIFS(Timesheet!$F$13:$F$11461,Timesheet!$A$13:$A$11461,'Mês 1'!A70,Timesheet!$C$13:$C$11461,'Mês 1'!$H$40) -> 0 | I70: =SUMIFS(Timesheet!$F$13:$F$11461,Timesheet!$A$13:$A$11461,'Mês 1'!A70,Timesheet!$C$13:$C$11461,'Mês 1'!$I$40) -> 0 | J70: =SUMIFS(Timesheet!$F$13:$F$11461,Timesheet!$A$13:$A$11461,'Mês 1'!A70,Timesheet!$C$13:$C$11461,'Mês 1'!$J$40) -> 0 | K70: =SUM(B70:I70) -> 0 | L70: {=MIN(IF(Timesheet!$A$13:$A$11483='Mês 1'!A70,Timesheet!$D$13:$D$11483))} -> 0 | M70: {=MAX(IF(Timesheet!$A$13:$A$11483='Mês 1'!A70,Timesheet!$E$13:$E$11483))} -> 0 | O70: 45076 | P70: =SUMIFS(Timesheet!$F$13:$F$11461,Timesheet!$A$13:$A$11461,'Mês 1'!O70,Timesheet!$C$13:$C$11461,'Mês 1'!$P$40) -> 0 | Q70: =SUMIFS(Timesheet!$F$13:$F$11461,Timesheet!$A$13:$A$11461,'Mês 1'!O70,Timesheet!$C$13:$C$11461,'Mês 1'!$Q$40) -> 0 | R70: =SUMIFS(Timesheet!$F$13:$F$11461,Timesheet!$A$13:$A$11461,'Mês 1'!O70,Timesheet!$C$13:$C$11461,'Mês 1'!$R$40) -> 0 | S70: =SUMIFS(Timesheet!$F$13:$F$11461,Timesheet!$A$13:$A$11461,'Mês 1'!O70,Timesheet!$C$13:$C$11461,'Mês 1'!$S$40) -> 0 | T70: =SUMIFS(Timesheet!$F$13:$F$11461,Timesheet!$A$13:$A$11461,'Mês 1'!O70,Timesheet!$C$13:$C$11461,'Mês 1'!$T$40) -> 0 | U70: =SUMIFS(Timesheet!$F$13:$F$11461,Timesheet!$A$13:$A$11461,'Mês 1'!O70,Timesheet!$C$13:$C$11461,'Mês 1'!$U$40) -> 0 | V70: =SUMIFS(Timesheet!$F$13:$F$11461,Timesheet!$A$13:$A$11461,'Mês 1'!O70,Timesheet!$C$13:$C$11461,'Mês 1'!$V$40) -> 0 | W70: =SUMIFS(Timesheet!$F$13:$F$11461,Timesheet!$A$13:$A$11461,'Mês 1'!O70,Timesheet!$C$13:$C$11461,'Mês 1'!$W$40) -> 0 | X70: =SUMIFS(Timesheet!$F$13:$F$11461,Timesheet!$A$13:$A$11461,'Mês 1'!O70,Timesheet!$C$13:$C$11461,'Mês 1'!$X$40) -> 0 | Y70: =SUM(P70:W70) -> 0 | Z70: {=MIN(IF(Timesheet!$A$13:$A$11483='Mês 1'!O70,Timesheet!$D$13:$D$11483))} -> 0 | AA70: {=MAX(IF(Timesheet!$A$13:$A$11483='Mês 1'!O70,Timesheet!$E$13:$E$11483))} -> 0 | AC70: 45137 | AD70: =SUMIFS(Timesheet!$F$13:$F$11461,Timesheet!$A$13:$A$11461,'Mês 1'!AC70,Timesheet!$C$13:$C$11461,'Mês 1'!$AD$40) -> 0 | AE70: =SUMIFS(Timesheet!$F$13:$F$11461,Timesheet!$A$13:$A$11461,'Mês 1'!AC70,Timesheet!$C$13:$C$11461,'Mês 1'!$AE$40) -> 0 | AF70: =SUMIFS(Timesheet!$F$13:$F$11461,Timesheet!$A$13:$A$11461,'Mês 1'!AC70,Timesheet!$C$13:$C$11461,'Mês 1'!$AF$40) -> 0 | AG70: =SUMIFS(Timesheet!$F$13:$F$11461,Timesheet!$A$13:$A$11461,'Mês 1'!AC70,Timesheet!$C$13:$C$11461,'Mês 1'!$AG$40) -> 0 | AH70: =SUMIFS(Timesheet!$F$13:$F$11461,Timesheet!$A$13:$A$11461,'Mês 1'!AC70,Timesheet!$C$13:$C$11461,'Mês 1'!$AH$40) -> 0 | AI70: =SUMIFS(Timesheet!$F$13:$F$11461,Timesheet!$A$13:$A$11461,'Mês 1'!AC70,Timesheet!$C$13:$C$11461,'Mês 1'!$AI$40) -> 0 | AJ70: =SUMIFS(Timesheet!$F$13:$F$11461,Timesheet!$A$13:$A$11461,'Mês 1'!AC70,Timesheet!$C$13:$C$11461,'Mês 1'!$AJ$40) -> 0 | AK70: =SUMIFS(Timesheet!$F$13:$F$11461,Timesheet!$A$13:$A$11461,'Mês 1'!AC70,Timesheet!$C$13:$C$11461,'Mês 1'!$AK$40) -> 0 | AL70: =SUMIFS(Timesheet!$F$13:$F$11461,Timesheet!$A$13:$A$11461,'Mês 1'!AC70,Timesheet!$C$13:$C$11461,'Mês 1'!$AL$40) -> 0 | AM70: =SUM(AD70:AK70) -> 0 | AN70: {=MIN(IF(Timesheet!$A$13:$A$11483='Mês 1'!AC70,Timesheet!$D$13:$D$11483))} -> 0 | AO70: {=MAX(IF(Timesheet!$A$13:$A$11483='Mês 1'!AC70,Timesheet!$E$13:$E$11483))} -> 0 | AQ70: 45199 | AR70: =SUMIFS(Timesheet!$F$13:$F$11461,Timesheet!$A$13:$A$11461,'Mês 1'!AQ70,Timesheet!$C$13:$C$11461,'Mês 1'!$AR$40) -> 0 | AS70: =SUMIFS(Timesheet!$F$13:$F$11461,Timesheet!$A$13:$A$11461,'Mês 1'!AQ70,Timesheet!$C$13:$C$11461,'Mês 1'!$AS$40) -> 0 | AT70: =SUMIFS(Timesheet!$F$13:$F$11461,Timesheet!$A$13:$A$11461,'Mês 1'!AQ70,Timesheet!$C$13:$C$11461,'Mês 1'!$AT$40) -> 0 | AU70: =SUMIFS(Timesheet!$F$13:$F$11461,Timesheet!$A$13:$A$11461,'Mês 1'!AQ70,Timesheet!$C$13:$C$11461,'Mês 1'!$AU$40) -> 0 | AV70: =SUMIFS(Timesheet!$F$13:$F$11461,Timesheet!$A$13:$A$11461,'Mês 1'!AQ70,Timesheet!$C$13:$C$11461,'Mês 1'!$AV$40) -> 0 | AW70: =SUMIFS(Timesheet!$F$13:$F$11461,Timesheet!$A$13:$A$11461,'Mês 1'!AQ70,Timesheet!$C$13:$C$11461,'Mês 1'!$AW$40) -> 0 | AX70: =SUMIFS(Timesheet!$F$13:$F$11461,Timesheet!$A$13:$A$11461,'Mês 1'!AQ70,Timesheet!$C$13:$C$11461,'Mês 1'!$AX$40) -> 0 | AY70: =SUMIFS(Timesheet!$F$13:$F$11461,Timesheet!$A$13:$A$11461,'Mês 1'!AQ70,Timesheet!$C$13:$C$11461,'Mês 1'!$AY$40) -> 0 | AZ70: =SUMIFS(Timesheet!$F$13:$F$11461,Timesheet!$A$13:$A$11461,'Mês 1'!AQ70,Timesheet!$C$13:$C$11461,'Mês 1'!$AZ$40) -> 0 | BA70: =SUM(AR70:AY70) -> 0 | BB70: {=MIN(IF(Timesheet!$A$13:$A$11483='Mês 1'!AQ70,Timesheet!$D$13:$D$11483))} -> 0 | BC70: {=MAX(IF(Timesheet!$A$13:$A$11483='Mês 1'!AQ70,Timesheet!$E$13:$E$11483))} -> 0 | BE70: 45260 | BF70: =SUMIFS(Timesheet!$F$13:$F$11461,Timesheet!$A$13:$A$11461,'Mês 1'!BE70,Timesheet!$C$13:$C$11461,'Mês 1'!$BF$40) -> 0 | BG70: =SUMIFS(Timesheet!$F$13:$F$11461,Timesheet!$A$13:$A$11461,'Mês 1'!BE70,Timesheet!$C$13:$C$11461,'Mês 1'!$BG$40) -> 0 | BH70: =SUMIFS(Timesheet!$F$13:$F$11461,Timesheet!$A$13:$A$11461,'Mês 1'!BE70,Timesheet!$C$13:$C$11461,'Mês 1'!$BH$40) -> 0 | BI70: =SUMIFS(Timesheet!$F$13:$F$11461,Timesheet!$A$13:$A$11461,'Mês 1'!BE70,Timesheet!$C$13:$C$11461,'Mês 1'!$BI$40) -> 0 | BJ70: =SUMIFS(Timesheet!$F$13:$F$11461,Timesheet!$A$13:$A$11461,'Mês 1'!BE70,Timesheet!$C$13:$C$11461,'Mês 1'!$BJ$40) -> 0 | BK70: =SUMIFS(Timesheet!$F$13:$F$11461,Timesheet!$A$13:$A$11461,'Mês 1'!BE70,Timesheet!$C$13:$C$11461,'Mês 1'!$BK$40) -> 0 | BL70: =SUMIFS(Timesheet!$F$13:$F$11461,Timesheet!$A$13:$A$11461,'Mês 1'!BE70,Timesheet!$C$13:$C$11461,'Mês 1'!$BL$40) -> 0 | BM70: =SUMIFS(Timesheet!$F$13:$F$11461,Timesheet!$A$13:$A$11461,'Mês 1'!BE70,Timesheet!$C$13:$C$11461,'Mês 1'!$BM$40) -> 0 | BN70: =SUMIFS(Timesheet!$F$13:$F$11461,Timesheet!$A$13:$A$11461,'Mês 1'!BE70,Timesheet!$C$13:$C$11461,'Mês 1'!$BN$40) -> 0 | BO70: =SUM(BF70:BM70) -> 0 | BP70: {=MIN(IF(Timesheet!$A$13:$A$11483='Mês 1'!BE70,Timesheet!$D$13:$D$11483))} -> 0 | BQ70: {=MAX(IF(Timesheet!$A$13:$A$11483='Mês 1'!BE70,Timesheet!$E$13:$E$11483))} -> 0
A71: 45016 | B71: =SUMIFS(Timesheet!$F$13:$F$11461,Timesheet!$A$13:$A$11461,'Mês 1'!A71,Timesheet!$C$13:$C$11461,'Mês 1'!$B$40) -> 0 | C71: =SUMIFS(Timesheet!$F$13:$F$11461,Timesheet!$A$13:$A$11461,'Mês 1'!A71,Timesheet!$C$13:$C$11461,'Mês 1'!$C$40) -> 0 | D71: =SUMIFS(Timesheet!$F$13:$F$11461,Timesheet!$A$13:$A$11461,'Mês 1'!A71,Timesheet!$C$13:$C$11461,'Mês 1'!$D$40) -> 0 | E71: =SUMIFS(Timesheet!$F$13:$F$11461,Timesheet!$A$13:$A$11461,'Mês 1'!A71,Timesheet!$C$13:$C$11461,'Mês 1'!$E$40) -> 0 | F71: =SUMIFS(Timesheet!$F$13:$F$11461,Timesheet!$A$13:$A$11461,'Mês 1'!A71,Timesheet!$C$13:$C$11461,'Mês 1'!$F$40) -> 0 | G71: =SUMIFS(Timesheet!$F$13:$F$11461,Timesheet!$A$13:$A$11461,'Mês 1'!A71,Timesheet!$C$13:$C$11461,'Mês 1'!$G$40) -> 0 | H71: =SUMIFS(Timesheet!$F$13:$F$11461,Timesheet!$A$13:$A$11461,'Mês 1'!A71,Timesheet!$C$13:$C$11461,'Mês 1'!$H$40) -> 0 | I71: =SUMIFS(Timesheet!$F$13:$F$11461,Timesheet!$A$13:$A$11461,'Mês 1'!A71,Timesheet!$C$13:$C$11461,'Mês 1'!$I$40) -> 0 | J71: =SUMIFS(Timesheet!$F$13:$F$11461,Timesheet!$A$13:$A$11461,'Mês 1'!A71,Timesheet!$C$13:$C$11461,'Mês 1'!$J$40) -> 0 | K71: =SUM(B71:I71) -> 0 | L71: {=MIN(IF(Timesheet!$A$13:$A$11483='Mês 1'!A71,Timesheet!$D$13:$D$11483))} -> 0 | M71: {=MAX(IF(Timesheet!$A$13:$A$11483='Mês 1'!A71,Timesheet!$E$13:$E$11483))} -> 0 | O71: 45077 | P71: =SUMIFS(Timesheet!$F$13:$F$11461,Timesheet!$A$13:$A$11461,'Mês 1'!O71,Timesheet!$C$13:$C$11461,'Mês 1'!$P$40) -> 0 | Q71: =SUMIFS(Timesheet!$F$13:$F$11461,Timesheet!$A$13:$A$11461,'Mês 1'!O71,Timesheet!$C$13:$C$11461,'Mês 1'!$Q$40) -> 0 | R71: =SUMIFS(Timesheet!$F$13:$F$11461,Timesheet!$A$13:$A$11461,'Mês 1'!O71,Timesheet!$C$13:$C$11461,'Mês 1'!$R$40) -> 0 | S71: =SUMIFS(Timesheet!$F$13:$F$11461,Timesheet!$A$13:$A$11461,'Mês 1'!O71,Timesheet!$C$13:$C$11461,'Mês 1'!$S$40) -> 0 | T71: =SUMIFS(Timesheet!$F$13:$F$11461,Timesheet!$A$13:$A$11461,'Mês 1'!O71,Timesheet!$C$13:$C$11461,'Mês 1'!$T$40) -> 0 | U71: =SUMIFS(Timesheet!$F$13:$F$11461,Timesheet!$A$13:$A$11461,'Mês 1'!O71,Timesheet!$C$13:$C$11461,'Mês 1'!$U$40) -> 0 | V71: =SUMIFS(Timesheet!$F$13:$F$11461,Timesheet!$A$13:$A$11461,'Mês 1'!O71,Timesheet!$C$13:$C$11461,'Mês 1'!$V$40) -> 0 | W71: =SUMIFS(Timesheet!$F$13:$F$11461,Timesheet!$A$13:$A$11461,'Mês 1'!O71,Timesheet!$C$13:$C$11461,'Mês 1'!$W$40) -> 0 | X71: =SUMIFS(Timesheet!$F$13:$F$11461,Timesheet!$A$13:$A$11461,'Mês 1'!O71,Timesheet!$C$13:$C$11461,'Mês 1'!$X$40) -> 0 | Y71: =SUM(P71:W71) -> 0 | Z71: {=MIN(IF(Timesheet!$A$13:$A$11483='Mês 1'!O71,Timesheet!$D$13:$D$11483))} -> 0 | AA71: {=MAX(IF(Timesheet!$A$13:$A$11483='Mês 1'!O71,Timesheet!$E$13:$E$11483))} -> 0 | AC71: 45138 | AD71: =SUMIFS(Timesheet!$F$13:$F$11461,Timesheet!$A$13:$A$11461,'Mês 1'!AC71,Timesheet!$C$13:$C$11461,'Mês 1'!$AD$40) -> 0 | AE71: =SUMIFS(Timesheet!$F$13:$F$11461,Timesheet!$A$13:$A$11461,'Mês 1'!AC71,Timesheet!$C$13:$C$11461,'Mês 1'!$AE$40) -> 0 | AF71: =SUMIFS(Timesheet!$F$13:$F$11461,Timesheet!$A$13:$A$11461,'Mês 1'!AC71,Timesheet!$C$13:$C$11461,'Mês 1'!$AF$40) -> 0 | AG71: =SUMIFS(Timesheet!$F$13:$F$11461,Timesheet!$A$13:$A$11461,'Mês 1'!AC71,Timesheet!$C$13:$C$11461,'Mês 1'!$AG$40) -> 0 | AH71: =SUMIFS(Timesheet!$F$13:$F$11461,Timesheet!$A$13:$A$11461,'Mês 1'!AC71,Timesheet!$C$13:$C$11461,'Mês 1'!$AH$40) -> 0 | AI71: =SUMIFS(Timesheet!$F$13:$F$11461,Timesheet!$A$13:$A$11461,'Mês 1'!AC71,Timesheet!$C$13:$C$11461,'Mês 1'!$AI$40) -> 0 | AJ71: =SUMIFS(Timesheet!$F$13:$F$11461,Timesheet!$A$13:$A$11461,'Mês 1'!AC71,Timesheet!$C$13:$C$11461,'Mês 1'!$AJ$40) -> 0 | AK71: =SUMIFS(Timesheet!$F$13:$F$11461,Timesheet!$A$13:$A$11461,'Mês 1'!AC71,Timesheet!$C$13:$C$11461,'Mês 1'!$AK$40) -> 0 | AL71: =SUMIFS(Timesheet!$F$13:$F$11461,Timesheet!$A$13:$A$11461,'Mês 1'!AC71,Timesheet!$C$13:$C$11461,'Mês 1'!$AL$40) -> 0 | AM71: =SUM(AD71:AK71) -> 0 | AN71: {=MIN(IF(Timesheet!$A$13:$A$11483='Mês 1'!AC71,Timesheet!$D$13:$D$11483))} -> 0 | AO71: {=MAX(IF(Timesheet!$A$13:$A$11483='Mês 1'!AC71,Timesheet!$E$13:$E$11483))} -> 0 | AQ71: Total | AR71: =+SUM(AR41:AR70) -> 0 | AS71: =+SUM(AS41:AS70) -> 0 | AT71: =+SUM(AT41:AT70) -> 0 | AU71: =+SUM(AU41:AU70) -> 0 | AV71: =+SUM(AV41:AV70) -> 0 | AW71: =+SUM(AW41:AW70) -> 0 | AX71: =+SUM(AX41:AX70) -> 0 | AY71: =+SUM(AY41:AY70) -> 0 | ... BA71: =+SUM(BA41:BA70) -> 0 | BB71: =AVERAGEIF(BB41:BB70, ">0") -> #DIV/0! | BC71: =AVERAGEIF(BC41:BC70, ">0") -> #DIV/0! | BE71: Total | BF71: =+SUM(BF41:BF70) -> 0 | BG71: =+SUM(BG41:BG70) -> 0 | BH71: =+SUM(BH41:BH70) -> 0 | BI71: =+SUM(BI41:BI70) -> 0 | BJ71: =+SUM(BJ41:BJ70) -> 0 | BK71: =+SUM(BK41:BK70) -> 0 | BL71: =+SUM(BL41:BL70) -> 0 | BM71: =+SUM(BM41:BM70) -> 0 | ... BO71: =+SUM(BO41:BO70) -> 0 | BP71: =AVERAGEIF(BP41:BP70, ">0") -> #DIV/0! | BQ71: =AVERAGEIF(BQ41:BQ70, ">0") -> #DIV/0!
A72: Total | B72: =+SUM(B41:B71) -> 0 | C72: =+SUM(C41:C71) -> 0 | D72: =+SUM(D41:D71) -> 0 | E72: =+SUM(E41:E71) -> 0 | F72: =+SUM(F41:F71) -> 0 | G72: =+SUM(G41:G71) -> 0 | H72: =+SUM(H41:H71) -> 0 | I72: =+SUM(I41:I71) -> 0 | ... K72: =+SUM(K41:K71) -> 0 | L72: =AVERAGEIF(L41:L71,">0") -> #DIV/0! | M72: =AVERAGEIF(M41:M71, ">0") -> #DIV/0! | O72: Total | P72: =+SUM(P41:P71) -> 0 | Q72: =+SUM(Q41:Q71) -> 0 | R72: =+SUM(R41:R71) -> 0 | S72: =+SUM(S41:S71) -> 0 | T72: =+SUM(T41:T71) -> 0 | U72: =+SUM(U41:U71) -> 0 | V72: =+SUM(V41:V71) -> 0 | W72: =+SUM(W41:W71) -> 0 | ... Y72: =+SUM(Y41:Y71) -> 0 | Z72: =AVERAGEIF(Z41:Z71, ">0") -> #DIV/0! | AA72: =AVERAGEIF(AA41:AA71, ">0") -> #DIV/0! | AC72: Total | AD72: =+SUM(AD41:AD71) -> 0 | AE72: =+SUM(AE41:AE71) -> 0 | AF72: =+SUM(AF41:AF71) -> 0 | AG72: =+SUM(AG41:AG71) -> 0 | AH72: =+SUM(AH41:AH71) -> 0 | AI72: =+SUM(AI41:AI71) -> 0 | AJ72: =+SUM(AJ41:AJ71) -> 0 | AK72: =+SUM(AK41:AK71) -> 0 | ... AM72: =+SUM(AM41:AM71) -> 0 | AN72: =AVERAGEIF(AN41:AN71, ">0") -> #DIV/0! | AO72: =AVERAGEIF(AO41:AO71, ">0") -> #DIV/0!
A74: Mês | B74: Abril | O74: Mês | P74: Junho | AC74: Mês | AD74: Agosto | AQ74: Mês | AR74: Outubro | BE74: Mês | BF74: Dezembro
A75: Data | B75: Análise | C75: Elaboração | D75: Gestão | E75: Outro | F75: Reunião | G75: Revisão | H75: Suporte | I75: Execução | J75: Pesquisa | K75: Total | L75: Entrada | M75: Saída | O75: Data | P75: Análise | Q75: Elaboração | R75: Gestão | S75: Outro | T75: Reunião | U75: Revisão | V75: Suporte | W75: Execução | X75: Pesquisa | Y75: Total | Z75: Entrada | AA75: Saída | AC75: Data | AD75: Análise | AE75: Elaboração | AF75: Gestão | AG75: Outro | AH75: Reunião | AI75: Revisão | AJ75: Suporte | AK75: Execução | AL75: Pesquisa | AM75: Total | AN75: Entrada | AO75: Saída | AQ75: Data | AR75: Análise | AS75: Elaboração | AT75: Gestão | AU75: Outro | AV75: Reunião | AW75: Revisão | AX75: Suporte | AY75: Execução | AZ75: Pesquisa | BA75: Total | BB75: Entrada | BC75: Saída | BE75: Data | BF75: Análise | BG75: Elaboração | BH75: Gestão | BI75: Outro | BJ75: Reunião | BK75: Revisão | BL75: Suporte | BM75: Execução | BN75: Pesquisa | BO75: Total | BP75: Entrada | BQ75: Saída
A76: 45017 | B76: =SUMIFS(Timesheet!$F$13:$F$11461,Timesheet!$A$13:$A$11461,'Mês 1'!A76,Timesheet!$C$13:$C$11461,'Mês 1'!$B$75) -> 0 | C76: =SUMIFS(Timesheet!$F$13:$F$11461,Timesheet!$A$13:$A$11461,'Mês 1'!A76,Timesheet!$C$13:$C$11461,'Mês 1'!$C$75) -> 0 | D76: =SUMIFS(Timesheet!$F$13:$F$11461,Timesheet!$A$13:$A$11461,'Mês 1'!A76,Timesheet!$C$13:$C$11461,'Mês 1'!$D$75) -> 0 | E76: =SUMIFS(Timesheet!$F$13:$F$11461,Timesheet!$A$13:$A$11461,'Mês 1'!A76,Timesheet!$C$13:$C$11461,'Mês 1'!$E$75) -> 0 | F76: =SUMIFS(Timesheet!$F$13:$F$11461,Timesheet!$A$13:$A$11461,'Mês 1'!A76,Timesheet!$C$13:$C$11461,'Mês 1'!$F$75) -> 0 | G76: =SUMIFS(Timesheet!$F$13:$F$11461,Timesheet!$A$13:$A$11461,'Mês 1'!A76,Timesheet!$C$13:$C$11461,'Mês 1'!$G$75) -> 0 | H76: =SUMIFS(Timesheet!$F$13:$F$11461,Timesheet!$A$13:$A$11461,'Mês 1'!A76,Timesheet!$C$13:$C$11461,'Mês 1'!$H$75) -> 0 | I76: =SUMIFS(Timesheet!$F$13:$F$11461,Timesheet!$A$13:$A$11461,'Mês 1'!A76,Timesheet!$C$13:$C$11461,'Mês 1'!$I$75) -> 0 | J76: =SUMIFS(Timesheet!$F$13:$F$11461,Timesheet!$A$13:$A$11461,'Mês 1'!A76,Timesheet!$C$13:$C$11461,'Mês 1'!$J$75) -> 0 | K76: =SUM(B76:I76) -> 0 | L76: {=MIN(IF(Timesheet!$A$13:$A$11483='Mês 1'!A76,Timesheet!$D$13:$D$11483))} -> 0 | M76: {=MAX(IF(Timesheet!$A$13:$A$11483='Mês 1'!A76,Timesheet!$E$13:$E$11483))} -> 0 | O76: 45078 | P76: =SUMIFS(Timesheet!$F$13:$F$11461,Timesheet!$A$13:$A$11461,'Mês 1'!O76,Timesheet!$C$13:$C$11461,'Mês 1'!$P$75) -> 0 | Q76: =SUMIFS(Timesheet!$F$13:$F$11461,Timesheet!$A$13:$A$11461,'Mês 1'!O76,Timesheet!$C$13:$C$11461,'Mês 1'!$Q$75) -> 0 | R76: =SUMIFS(Timesheet!$F$13:$F$11461,Timesheet!$A$13:$A$11461,'Mês 1'!O76,Timesheet!$C$13:$C$11461,'Mês 1'!$R$75) -> 0 | S76: =SUMIFS(Timesheet!$F$13:$F$11461,Timesheet!$A$13:$A$11461,'Mês 1'!O76,Timesheet!$C$13:$C$11461,'Mês 1'!$S$75) -> 0 | T76: =SUMIFS(Timesheet!$F$13:$F$11461,Timesheet!$A$13:$A$11461,'Mês 1'!O76,Timesheet!$C$13:$C$11461,'Mês 1'!$T$75) -> 0 | U76: =SUMIFS(Timesheet!$F$13:$F$11461,Timesheet!$A$13:$A$11461,'Mês 1'!O76,Timesheet!$C$13:$C$11461,'Mês 1'!$U$75) -> 0 | V76: =SUMIFS(Timesheet!$F$13:$F$11461,Timesheet!$A$13:$A$11461,'Mês 1'!O76,Timesheet!$C$13:$C$11461,'Mês 1'!$V$75) -> 0 | W76: =SUMIFS(Timesheet!$F$13:$F$11461,Timesheet!$A$13:$A$11461,'Mês 1'!O76,Timesheet!$C$13:$C$11461,'Mês 1'!$W$75) -> 0 | X76: =SUMIFS(Timesheet!$F$13:$F$11461,Timesheet!$A$13:$A$11461,'Mês 1'!O76,Timesheet!$C$13:$C$11461,'Mês 1'!$X$75) -> 0 | Y76: =SUM(P76:W76) -> 0 | Z76: {=MIN(IF(Timesheet!$A$13:$A$11483='Mês 1'!O76,Timesheet!$D$13:$D$11483))} -> 0 | AA76: {=MAX(IF(Timesheet!$A$13:$A$11483='Mês 1'!O76,Timesheet!$E$13:$E$11483))} -> 0 | AC76: 45139 | AD76: =SUMIFS(Timesheet!$F$13:$F$11461,Timesheet!$A$13:$A$11461,'Mês 1'!AC76,Timesheet!$C$13:$C$11461,'Mês 1'!$AD$75) -> 0 | AE76: =SUMIFS(Timesheet!$F$13:$F$11461,Timesheet!$A$13:$A$11461,'Mês 1'!AC76,Timesheet!$C$13:$C$11461,'Mês 1'!$AE$75) -> 0 | AF76: =SUMIFS(Timesheet!$F$13:$F$11461,Timesheet!$A$13:$A$11461,'Mês 1'!AC76,Timesheet!$C$13:$C$11461,'Mês 1'!$AF$75) -> 0 | AG76: =SUMIFS(Timesheet!$F$13:$F$11461,Timesheet!$A$13:$A$11461,'Mês 1'!AC76,Timesheet!$C$13:$C$11461,'Mês 1'!$AG$75) -> 0 | AH76: =SUMIFS(Timesheet!$F$13:$F$11461,Timesheet!$A$13:$A$11461,'Mês 1'!AC76,Timesheet!$C$13:$C$11461,'Mês 1'!$AH$75) -> 0 | AI76: =SUMIFS(Timesheet!$F$13:$F$11461,Timesheet!$A$13:$A$11461,'Mês 1'!AC76,Timesheet!$C$13:$C$11461,'Mês 1'!$AI$75) -> 0 | AJ76: =SUMIFS(Timesheet!$F$13:$F$11461,Timesheet!$A$13:$A$11461,'Mês 1'!AC76,Timesheet!$C$13:$C$11461,'Mês 1'!AJ$75) -> 0 | AK76: =SUMIFS(Timesheet!$F$13:$F$11461,Timesheet!$A$13:$A$11461,'Mês 1'!AC76,Timesheet!$C$13:$C$11461,'Mês 1'!$AK$75) -> 0 | AL76: =SUMIFS(Timesheet!$F$13:$F$11461,Timesheet!$A$13:$A$11461,'Mês 1'!AC76,Timesheet!$C$13:$C$11461,'Mês 1'!$AL$75) -> 0 | AM76: =SUM(AD76:AK76) -> 0 | AN76: {=MIN(IF(Timesheet!$A$13:$A$11483='Mês 1'!AC76,Timesheet!$D$13:$D$11483))} -> 0 | AO76: {=MAX(IF(Timesheet!$A$13:$A$11483='Mês 1'!AC76,Timesheet!$E$13:$E$11483))} -> 0 | AQ76: 45200 | AR76: =SUMIFS(Timesheet!$F$13:$F$11461,Timesheet!$A$13:$A$11461,'Mês 1'!AQ76,Timesheet!$C$13:$C$11461,'Mês 1'!$AR$75) -> 0 | AS76: =SUMIFS(Timesheet!$F$13:$F$11461,Timesheet!$A$13:$A$11461,'Mês 1'!AQ76,Timesheet!$C$13:$C$11461,'Mês 1'!$AS$75) -> 0 | AT76: =SUMIFS(Timesheet!$F$13:$F$11461,Timesheet!$A$13:$A$11461,'Mês 1'!AQ76,Timesheet!$C$13:$C$11461,'Mês 1'!$AT$75) -> 0 | AU76: =SUMIFS(Timesheet!$F$13:$F$11461,Timesheet!$A$13:$A$11461,'Mês 1'!AQ76,Timesheet!$C$13:$C$11461,'Mês 1'!$AU$75) -> 0 | AV76: =SUMIFS(Timesheet!$F$13:$F$11461,Timesheet!$A$13:$A$11461,'Mês 1'!AQ76,Timesheet!$C$13:$C$11461,'Mês 1'!$AV$75) -> 0 | AW76: =SUMIFS(Timesheet!$F$13:$F$11461,Timesheet!$A$13:$A$11461,'Mês 1'!AQ76,Timesheet!$C$13:$C$11461,'Mês 1'!$AW$75) -> 0 | AX76: =SUMIFS(Timesheet!$F$13:$F$11461,Timesheet!$A$13:$A$11461,'Mês 1'!AQ76,Timesheet!$C$13:$C$11461,'Mês 1'!$AX$75) -> 0 | AY76: =SUMIFS(Timesheet!$F$13:$F$11461,Timesheet!$A$13:$A$11461,'Mês 1'!AQ76,Timesheet!$C$13:$C$11461,'Mês 1'!$AY$75) -> 0 | AZ76: =SUMIFS(Timesheet!$F$13:$F$11461,Timesheet!$A$13:$A$11461,'Mês 1'!AQ76,Timesheet!$C$13:$C$11461,'Mês 1'!$AZ$75) -> 0 | BA76: =SUM(AR76:AY76) -> 0 | BB76: {=MIN(IF(Timesheet!$A$13:$A$11483='Mês 1'!AQ76,Timesheet!$D$13:$D$11483))} -> 0 | BC76: {=MAX(IF(Timesheet!$A$13:$A$11483='Mês 1'!AQ76,Timesheet!$E$13:$E$11483))} -> 0 | BE76: 45261 | BF76: =SUMIFS(Timesheet!$F$13:$F$11461,Timesheet!$A$13:$A$11461,'Mês 1'!BE76,Timesheet!$C$13:$C$11461,'Mês 1'!$BF$75) -> 0 | BG76: =SUMIFS(Timesheet!$F$13:$F$11461,Timesheet!$A$13:$A$11461,'Mês 1'!BE76,Timesheet!$C$13:$C$11461,'Mês 1'!$BG$75) -> 0 | BH76: =SUMIFS(Timesheet!$F$13:$F$11461,Timesheet!$A$13:$A$11461,'Mês 1'!BE76,Timesheet!$C$13:$C$11461,'Mês 1'!$BH$75) -> 0 | BI76: =SUMIFS(Timesheet!$F$13:$F$11461,Timesheet!$A$13:$A$11461,'Mês 1'!BE76,Timesheet!$C$13:$C$11461,'Mês 1'!$BI$75) -> 0 | BJ76: =SUMIFS(Timesheet!$F$13:$F$11461,Timesheet!$A$13:$A$11461,'Mês 1'!BE76,Timesheet!$C$13:$C$11461,'Mês 1'!$BJ$75) -> 0 | BK76: =SUMIFS(Timesheet!$F$13:$F$11461,Timesheet!$A$13:$A$11461,'Mês 1'!BE76,Timesheet!$C$13:$C$11461,'Mês 1'!$BK$75) -> 0 | BL76: =SUMIFS(Timesheet!$F$13:$F$11461,Timesheet!$A$13:$A$11461,'Mês 1'!BE76,Timesheet!$C$13:$C$11461,'Mês 1'!$BL$75) -> 0 | BM76: =SUMIFS(Timesheet!$F$13:$F$11461,Timesheet!$A$13:$A$11461,'Mês 1'!BE76,Timesheet!$C$13:$C$11461,'Mês 1'!$BM$75) -> 0 | BN76: =SUMIFS(Timesheet!$F$13:$F$11461,Timesheet!$A$13:$A$11461,'Mês 1'!BE76,Timesheet!$C$13:$C$11461,'Mês 1'!$BN$75) -> 0 | BO76: =SUM(BF76:BM76) -> 0 | BP76: {=MIN(IF(Timesheet!$A$13:$A$11483='Mês 1'!BE76,Timesheet!$D$13:$D$11483))} -> 0 | BQ76: {=MAX(IF(Timesheet!$A$13:$A$11483='Mês 1'!BE76,Timesheet!$E$13:$E$11483))} -> 0
A77: 45018 | B77: =SUMIFS(Timesheet!$F$13:$F$11461,Timesheet!$A$13:$A$11461,'Mês 1'!A77,Timesheet!$C$13:$C$11461,'Mês 1'!$B$75) -> 0 | C77: =SUMIFS(Timesheet!$F$13:$F$11461,Timesheet!$A$13:$A$11461,'Mês 1'!A77,Timesheet!$C$13:$C$11461,'Mês 1'!$C$75) -> 0 | D77: =SUMIFS(Timesheet!$F$13:$F$11461,Timesheet!$A$13:$A$11461,'Mês 1'!A77,Timesheet!$C$13:$C$11461,'Mês 1'!$D$75) -> 0 | E77: =SUMIFS(Timesheet!$F$13:$F$11461,Timesheet!$A$13:$A$11461,'Mês 1'!A77,Timesheet!$C$13:$C$11461,'Mês 1'!$E$75) -> 0 | F77: =SUMIFS(Timesheet!$F$13:$F$11461,Timesheet!$A$13:$A$11461,'Mês 1'!A77,Timesheet!$C$13:$C$11461,'Mês 1'!$F$75) -> 0 | G77: =SUMIFS(Timesheet!$F$13:$F$11461,Timesheet!$A$13:$A$11461,'Mês 1'!A77,Timesheet!$C$13:$C$11461,'Mês 1'!$G$75) -> 0 | H77: =SUMIFS(Timesheet!$F$13:$F$11461,Timesheet!$A$13:$A$11461,'Mês 1'!A77,Timesheet!$C$13:$C$11461,'Mês 1'!$H$75) -> 0 | I77: =SUMIFS(Timesheet!$F$13:$F$11461,Timesheet!$A$13:$A$11461,'Mês 1'!A77,Timesheet!$C$13:$C$11461,'Mês 1'!$I$75) -> 0 | J77: =SUMIFS(Timesheet!$F$13:$F$11461,Timesheet!$A$13:$A$11461,'Mês 1'!A77,Timesheet!$C$13:$C$11461,'Mês 1'!$J$75) -> 0 | K77: =SUM(B77:I77) -> 0 | L77: {=MIN(IF(Timesheet!$A$13:$A$11483='Mês 1'!A77,Timesheet!$D$13:$D$11483))} -> 0 | M77: {=MAX(IF(Timesheet!$A$13:$A$11483='Mês 1'!A77,Timesheet!$E$13:$E$11483))} -> 0 | O77: 45079 | P77: =SUMIFS(Timesheet!$F$13:$F$11461,Timesheet!$A$13:$A$11461,'Mês 1'!O77,Timesheet!$C$13:$C$11461,'Mês 1'!$P$75) -> 0 | Q77: =SUMIFS(Timesheet!$F$13:$F$11461,Timesheet!$A$13:$A$11461,'Mês 1'!O77,Timesheet!$C$13:$C$11461,'Mês 1'!$Q$75) -> 0 | R77: =SUMIFS(Timesheet!$F$13:$F$11461,Timesheet!$A$13:$A$11461,'Mês 1'!O77,Timesheet!$C$13:$C$11461,'Mês 1'!$R$75) -> 0 | S77: =SUMIFS(Timesheet!$F$13:$F$11461,Timesheet!$A$13:$A$11461,'Mês 1'!O77,Timesheet!$C$13:$C$11461,'Mês 1'!$S$75) -> 0 | T77: =SUMIFS(Timesheet!$F$13:$F$11461,Timesheet!$A$13:$A$11461,'Mês 1'!O77,Timesheet!$C$13:$C$11461,'Mês 1'!$T$75) -> 0 | U77: =SUMIFS(Timesheet!$F$13:$F$11461,Timesheet!$A$13:$A$11461,'Mês 1'!O77,Timesheet!$C$13:$C$11461,'Mês 1'!$U$75) -> 0 | V77: =SUMIFS(Timesheet!$F$13:$F$11461,Timesheet!$A$13:$A$11461,'Mês 1'!O77,Timesheet!$C$13:$C$11461,'Mês 1'!$V$75) -> 0 | W77: =SUMIFS(Timesheet!$F$13:$F$11461,Timesheet!$A$13:$A$11461,'Mês 1'!O77,Timesheet!$C$13:$C$11461,'Mês 1'!$W$75) -> 0 | X77: =SUMIFS(Timesheet!$F$13:$F$11461,Timesheet!$A$13:$A$11461,'Mês 1'!O77,Timesheet!$C$13:$C$11461,'Mês 1'!$X$75) -> 0 | Y77: =SUM(P77:W77) -> 0 | Z77: {=MIN(IF(Timesheet!$A$13:$A$11483='Mês 1'!O77,Timesheet!$D$13:$D$11483))} -> 0 | AA77: {=MAX(IF(Timesheet!$A$13:$A$11483='Mês 1'!O77,Timesheet!$E$13:$E$11483))} -> 0 | AC77: 45140 | AD77: =SUMIFS(Timesheet!$F$13:$F$11461,Timesheet!$A$13:$A$11461,'Mês 1'!AC77,Timesheet!$C$13:$C$11461,'Mês 1'!$AD$75) -> 0 | AE77: =SUMIFS(Timesheet!$F$13:$F$11461,Timesheet!$A$13:$A$11461,'Mês 1'!AC77,Timesheet!$C$13:$C$11461,'Mês 1'!$AE$75) -> 0 | AF77: =SUMIFS(Timesheet!$F$13:$F$11461,Timesheet!$A$13:$A$11461,'Mês 1'!AC77,Timesheet!$C$13:$C$11461,'Mês 1'!$AF$75) -> 0 | AG77: =SUMIFS(Timesheet!$F$13:$F$11461,Timesheet!$A$13:$A$11461,'Mês 1'!AC77,Timesheet!$C$13:$C$11461,'Mês 1'!$AG$75) -> 0 | AH77: =SUMIFS(Timesheet!$F$13:$F$11461,Timesheet!$A$13:$A$11461,'Mês 1'!AC77,Timesheet!$C$13:$C$11461,'Mês 1'!$AH$75) -> 0 | AI77: =SUMIFS(Timesheet!$F$13:$F$11461,Timesheet!$A$13:$A$11461,'Mês 1'!AC77,Timesheet!$C$13:$C$11461,'Mês 1'!$AI$75) -> 0 | AJ77: =SUMIFS(Timesheet!$F$13:$F$11461,Timesheet!$A$13:$A$11461,'Mês 1'!AC77,Timesheet!$C$13:$C$11461,'Mês 1'!AJ$75) -> 0 | AK77: =SUMIFS(Timesheet!$F$13:$F$11461,Timesheet!$A$13:$A$11461,'Mês 1'!AC77,Timesheet!$C$13:$C$11461,'Mês 1'!$AK$75) -> 0 | AL77: =SUMIFS(Timesheet!$F$13:$F$11461,Timesheet!$A$13:$A$11461,'Mês 1'!AC77,Timesheet!$C$13:$C$11461,'Mês 1'!$AL$75) -> 0 | AM77: =SUM(AD77:AK77) -> 0 | AN77: {=MIN(IF(Timesheet!$A$13:$A$11483='Mês 1'!AC77,Timesheet!$D$13:$D$11483))} -> 0 | AO77: {=MAX(IF(Timesheet!$A$13:$A$11483='Mês 1'!AC77,Timesheet!$E$13:$E$11483))} -> 0 | AQ77: 45201 | AR77: =SUMIFS(Timesheet!$F$13:$F$11461,Timesheet!$A$13:$A$11461,'Mês 1'!AQ77,Timesheet!$C$13:$C$11461,'Mês 1'!$AR$75) -> 0 | AS77: =SUMIFS(Timesheet!$F$13:$F$11461,Timesheet!$A$13:$A$11461,'Mês 1'!AQ77,Timesheet!$C$13:$C$11461,'Mês 1'!$AS$75) -> 0 | AT77: =SUMIFS(Timesheet!$F$13:$F$11461,Timesheet!$A$13:$A$11461,'Mês 1'!AQ77,Timesheet!$C$13:$C$11461,'Mês 1'!$AT$75) -> 0 | AU77: =SUMIFS(Timesheet!$F$13:$F$11461,Timesheet!$A$13:$A$11461,'Mês 1'!AQ77,Timesheet!$C$13:$C$11461,'Mês 1'!$AU$75) -> 0 | AV77: =SUMIFS(Timesheet!$F$13:$F$11461,Timesheet!$A$13:$A$11461,'Mês 1'!AQ77,Timesheet!$C$13:$C$11461,'Mês 1'!$AV$75) -> 0 | AW77: =SUMIFS(Timesheet!$F$13:$F$11461,Timesheet!$A$13:$A$11461,'Mês 1'!AQ77,Timesheet!$C$13:$C$11461,'Mês 1'!$AW$75) -> 0 | AX77: =SUMIFS(Timesheet!$F$13:$F$11461,Timesheet!$A$13:$A$11461,'Mês 1'!AQ77,Timesheet!$C$13:$C$11461,'Mês 1'!$AX$75) -> 0 | AY77: =SUMIFS(Timesheet!$F$13:$F$11461,Timesheet!$A$13:$A$11461,'Mês 1'!AQ77,Timesheet!$C$13:$C$11461,'Mês 1'!$AY$75) -> 0 | AZ77: =SUMIFS(Timesheet!$F$13:$F$11461,Timesheet!$A$13:$A$11461,'Mês 1'!AQ77,Timesheet!$C$13:$C$11461,'Mês 1'!$AZ$75) -> 0 | BA77: =SUM(AR77:AY77) -> 0 | BB77: {=MIN(IF(Timesheet!$A$13:$A$11483='Mês 1'!AQ77,Timesheet!$D$13:$D$11483))} -> 0 | BC77: {=MAX(IF(Timesheet!$A$13:$A$11483='Mês 1'!AQ77,Timesheet!$E$13:$E$11483))} -> 0 | BE77: 45262 | BF77: =SUMIFS(Timesheet!$F$13:$F$11461,Timesheet!$A$13:$A$11461,'Mês 1'!BE77,Timesheet!$C$13:$C$11461,'Mês 1'!$BF$75) -> 0 | BG77: =SUMIFS(Timesheet!$F$13:$F$11461,Timesheet!$A$13:$A$11461,'Mês 1'!BE77,Timesheet!$C$13:$C$11461,'Mês 1'!$BG$75) -> 0 | BH77: =SUMIFS(Timesheet!$F$13:$F$11461,Timesheet!$A$13:$A$11461,'Mês 1'!BE77,Timesheet!$C$13:$C$11461,'Mês 1'!$BH$75) -> 0 | BI77: =SUMIFS(Timesheet!$F$13:$F$11461,Timesheet!$A$13:$A$11461,'Mês 1'!BE77,Timesheet!$C$13:$C$11461,'Mês 1'!$BI$75) -> 0 | BJ77: =SUMIFS(Timesheet!$F$13:$F$11461,Timesheet!$A$13:$A$11461,'Mês 1'!BE77,Timesheet!$C$13:$C$11461,'Mês 1'!$BJ$75) -> 0 | BK77: =SUMIFS(Timesheet!$F$13:$F$11461,Timesheet!$A$13:$A$11461,'Mês 1'!BE77,Timesheet!$C$13:$C$11461,'Mês 1'!$BK$75) -> 0 | BL77: =SUMIFS(Timesheet!$F$13:$F$11461,Timesheet!$A$13:$A$11461,'Mês 1'!BE77,Timesheet!$C$13:$C$11461,'Mês 1'!$BL$75) -> 0 | BM77: =SUMIFS(Timesheet!$F$13:$F$11461,Timesheet!$A$13:$A$11461,'Mês 1'!BE77,Timesheet!$C$13:$C$11461,'Mês 1'!$BM$75) -> 0 | BN77: =SUMIFS(Timesheet!$F$13:$F$11461,Timesheet!$A$13:$A$11461,'Mês 1'!BE77,Timesheet!$C$13:$C$11461,'Mês 1'!$BN$75) -> 0 | BO77: =SUM(BF77:BM77) -> 0 | BP77: {=MIN(IF(Timesheet!$A$13:$A$11483='Mês 1'!BE77,Timesheet!$D$13:$D$11483))} -> 0 | BQ77: {=MAX(IF(Timesheet!$A$13:$A$11483='Mês 1'!BE77,Timesheet!$E$13:$E$11483))} -> 0
A78: 45019 | B78: =SUMIFS(Timesheet!$F$13:$F$11461,Timesheet!$A$13:$A$11461,'Mês 1'!A78,Timesheet!$C$13:$C$11461,'Mês 1'!$B$75) -> 0.034027778 | C78: =SUMIFS(Timesheet!$F$13:$F$11461,Timesheet!$A$13:$A$11461,'Mês 1'!A78,Timesheet!$C$13:$C$11461,'Mês 1'!$C$75) -> 0 | D78: =SUMIFS(Timesheet!$F$13:$F$11461,Timesheet!$A$13:$A$11461,'Mês 1'!A78,Timesheet!$C$13:$C$11461,'Mês 1'!$D$75) -> 0 | E78: =SUMIFS(Timesheet!$F$13:$F$11461,Timesheet!$A$13:$A$11461,'Mês 1'!A78,Timesheet!$C$13:$C$11461,'Mês 1'!$E$75) -> 0 | F78: =SUMIFS(Timesheet!$F$13:$F$11461,Timesheet!$A$13:$A$11461,'Mês 1'!A78,Timesheet!$C$13:$C$11461,'Mês 1'!$F$75) -> 0 | G78: =SUMIFS(Timesheet!$F$13:$F$11461,Timesheet!$A$13:$A$11461,'Mês 1'!A78,Timesheet!$C$13:$C$11461,'Mês 1'!$G$75) -> 0 | H78: =SUMIFS(Timesheet!$F$13:$F$11461,Timesheet!$A$13:$A$11461,'Mês 1'!A78,Timesheet!$C$13:$C$11461,'Mês 1'!$H$75) -> 0 | I78: =SUMIFS(Timesheet!$F$13:$F$11461,Timesheet!$A$13:$A$11461,'Mês 1'!A78,Timesheet!$C$13:$C$11461,'Mês 1'!$I$75) -> 0.32638889 | J78: =SUMIFS(Timesheet!$F$13:$F$11461,Timesheet!$A$13:$A$11461,'Mês 1'!A78,Timesheet!$C$13:$C$11461,'Mês 1'!$J$75) -> 0 | K78: =SUM(B78:I78) -> 0.36041667 | L78: {=MIN(IF(Timesheet!$A$13:$A$11483='Mês 1'!A78,Timesheet!$D$13:$D$11483))} -> 0.42708333 | M78: {=MAX(IF(Timesheet!$A$13:$A$11483='Mês 1'!A78,Timesheet!$E$13:$E$11483))} -> 0.70138889 | O78: 45080 | P78: =SUMIFS(Timesheet!$F$13:$F$11461,Timesheet!$A$13:$A$11461,'Mês 1'!O78,Timesheet!$C$13:$C$11461,'Mês 1'!$P$75) -> 0 | Q78: =SUMIFS(Timesheet!$F$13:$F$11461,Timesheet!$A$13:$A$11461,'Mês 1'!O78,Timesheet!$C$13:$C$11461,'Mês 1'!$Q$75) -> 0 | R78: =SUMIFS(Timesheet!$F$13:$F$11461,Timesheet!$A$13:$A$11461,'Mês 1'!O78,Timesheet!$C$13:$C$11461,'Mês 1'!$R$75) -> 0 | S78: =SUMIFS(Timesheet!$F$13:$F$11461,Timesheet!$A$13:$A$11461,'Mês 1'!O78,Timesheet!$C$13:$C$11461,'Mês 1'!$S$75) -> 0 | T78: =SUMIFS(Timesheet!$F$13:$F$11461,Timesheet!$A$13:$A$11461,'Mês 1'!O78,Timesheet!$C$13:$C$11461,'Mês 1'!$T$75) -> 0 | U78: =SUMIFS(Timesheet!$F$13:$F$11461,Timesheet!$A$13:$A$11461,'Mês 1'!O78,Timesheet!$C$13:$C$11461,'Mês 1'!$U$75) -> 0 | V78: =SUMIFS(Timesheet!$F$13:$F$11461,Timesheet!$A$13:$A$11461,'Mês 1'!O78,Timesheet!$C$13:$C$11461,'Mês 1'!$V$75) -> 0 | W78: =SUMIFS(Timesheet!$F$13:$F$11461,Timesheet!$A$13:$A$11461,'Mês 1'!O78,Timesheet!$C$13:$C$11461,'Mês 1'!$W$75) -> 0 | X78: =SUMIFS(Timesheet!$F$13:$F$11461,Timesheet!$A$13:$A$11461,'Mês 1'!O78,Timesheet!$C$13:$C$11461,'Mês 1'!$X$75) -> 0 | Y78: =SUM(P78:W78) -> 0 | Z78: {=MIN(IF(Timesheet!$A$13:$A$11483='Mês 1'!O78,Timesheet!$D$13:$D$11483))} -> 0 | AA78: {=MAX(IF(Timesheet!$A$13:$A$11483='Mês 1'!O78,Timesheet!$E$13:$E$11483))} -> 0 | AC78: 45141 | AD78: =SUMIFS(Timesheet!$F$13:$F$11461,Timesheet!$A$13:$A$11461,'Mês 1'!AC78,Timesheet!$C$13:$C$11461,'Mês 1'!$AD$75) -> 0 | AE78: =SUMIFS(Timesheet!$F$13:$F$11461,Timesheet!$A$13:$A$11461,'Mês 1'!AC78,Timesheet!$C$13:$C$11461,'Mês 1'!$AE$75) -> 0 | AF78: =SUMIFS(Timesheet!$F$13:$F$11461,Timesheet!$A$13:$A$11461,'Mês 1'!AC78,Timesheet!$C$13:$C$11461,'Mês 1'!$AF$75) -> 0 | AG78: =SUMIFS(Timesheet!$F$13:$F$11461,Timesheet!$A$13:$A$11461,'Mês 1'!AC78,Timesheet!$C$13:$C$11461,'Mês 1'!$AG$75) -> 0 | AH78: =SUMIFS(Timesheet!$F$13:$F$11461,Timesheet!$A$13:$A$11461,'Mês 1'!AC78,Timesheet!$C$13:$C$11461,'Mês 1'!$AH$75) -> 0 | AI78: =SUMIFS(Timesheet!$F$13:$F$11461,Timesheet!$A$13:$A$11461,'Mês 1'!AC78,Timesheet!$C$13:$C$11461,'Mês 1'!$AI$75) -> 0 | AJ78: =SUMIFS(Timesheet!$F$13:$F$11461,Timesheet!$A$13:$A$11461,'Mês 1'!AC78,Timesheet!$C$13:$C$11461,'Mês 1'!AJ$75) -> 0 | AK78: =SUMIFS(Timesheet!$F$13:$F$11461,Timesheet!$A$13:$A$11461,'Mês 1'!AC78,Timesheet!$C$13:$C$11461,'Mês 1'!$AK$75) -> 0 | AL78: =SUMIFS(Timesheet!$F$13:$F$11461,Timesheet!$A$13:$A$11461,'Mês 1'!AC78,Timesheet!$C$13:$C$11461,'Mês 1'!$AL$75) -> 0 | AM78: =SUM(AD78:AK78) -> 0 | AN78: {=MIN(IF(Timesheet!$A$13:$A$11483='Mês 1'!AC78,Timesheet!$D$13:$D$11483))} -> 0 | AO78: {=MAX(IF(Timesheet!$A$13:$A$11483='Mês 1'!AC78,Timesheet!$E$13:$E$11483))} -> 0 | AQ78: 45202 | AR78: =SUMIFS(Timesheet!$F$13:$F$11461,Timesheet!$A$13:$A$11461,'Mês 1'!AQ78,Timesheet!$C$13:$C$11461,'Mês 1'!$AR$75) -> 0 | AS78: =SUMIFS(Timesheet!$F$13:$F$11461,Timesheet!$A$13:$A$11461,'Mês 1'!AQ78,Timesheet!$C$13:$C$11461,'Mês 1'!$AS$75) -> 0 | AT78: =SUMIFS(Timesheet!$F$13:$F$11461,Timesheet!$A$13:$A$11461,'Mês 1'!AQ78,Timesheet!$C$13:$C$11461,'Mês 1'!$AT$75) -> 0 | AU78: =SUMIFS(Timesheet!$F$13:$F$11461,Timesheet!$A$13:$A$11461,'Mês 1'!AQ78,Timesheet!$C$13:$C$11461,'Mês 1'!$AU$75) -> 0 | AV78: =SUMIFS(Timesheet!$F$13:$F$11461,Timesheet!$A$13:$A$11461,'Mês 1'!AQ78,Timesheet!$C$13:$C$11461,'Mês 1'!$AV$75) -> 0 | AW78: =SUMIFS(Timesheet!$F$13:$F$11461,Timesheet!$A$13:$A$11461,'Mês 1'!AQ78,Timesheet!$C$13:$C$11461,'Mês 1'!$AW$75) -> 0 | AX78: =SUMIFS(Timesheet!$F$13:$F$11461,Timesheet!$A$13:$A$11461,'Mês 1'!AQ78,Timesheet!$C$13:$C$11461,'Mês 1'!$AX$75) -> 0 | AY78: =SUMIFS(Timesheet!$F$13:$F$11461,Timesheet!$A$13:$A$11461,'Mês 1'!AQ78,Timesheet!$C$13:$C$11461,'Mês 1'!$AY$75) -> 0 | AZ78: =SUMIFS(Timesheet!$F$13:$F$11461,Timesheet!$A$13:$A$11461,'Mês 1'!AQ78,Timesheet!$C$13:$C$11461,'Mês 1'!$AZ$75) -> 0 | BA78: =SUM(AR78:AY78) -> 0 | BB78: {=MIN(IF(Timesheet!$A$13:$A$11483='Mês 1'!AQ78,Timesheet!$D$13:$D$11483))} -> 0 | BC78: {=MAX(IF(Timesheet!$A$13:$A$11483='Mês 1'!AQ78,Timesheet!$E$13:$E$11483))} -> 0 | BE78: 45263 | BF78: =SUMIFS(Timesheet!$F$13:$F$11461,Timesheet!$A$13:$A$11461,'Mês 1'!BE78,Timesheet!$C$13:$C$11461,'Mês 1'!$BF$75) -> 0 | BG78: =SUMIFS(Timesheet!$F$13:$F$11461,Timesheet!$A$13:$A$11461,'Mês 1'!BE78,Timesheet!$C$13:$C$11461,'Mês 1'!$BG$75) -> 0 | BH78: =SUMIFS(Timesheet!$F$13:$F$11461,Timesheet!$A$13:$A$11461,'Mês 1'!BE78,Timesheet!$C$13:$C$11461,'Mês 1'!$BH$75) -> 0 | BI78: =SUMIFS(Timesheet!$F$13:$F$11461,Timesheet!$A$13:$A$11461,'Mês 1'!BE78,Timesheet!$C$13:$C$11461,'Mês 1'!$BI$75) -> 0 | BJ78: =SUMIFS(Timesheet!$F$13:$F$11461,Timesheet!$A$13:$A$11461,'Mês 1'!BE78,Timesheet!$C$13:$C$11461,'Mês 1'!$BJ$75) -> 0 | BK78: =SUMIFS(Timesheet!$F$13:$F$11461,Timesheet!$A$13:$A$11461,'Mês 1'!BE78,Timesheet!$C$13:$C$11461,'Mês 1'!$BK$75) -> 0 | BL78: =SUMIFS(Timesheet!$F$13:$F$11461,Timesheet!$A$13:$A$11461,'Mês 1'!BE78,Timesheet!$C$13:$C$11461,'Mês 1'!$BL$75) -> 0 | BM78: =SUMIFS(Timesheet!$F$13:$F$11461,Timesheet!$A$13:$A$11461,'Mês 1'!BE78,Timesheet!$C$13:$C$11461,'Mês 1'!$BM$75) -> 0 | BN78: =SUMIFS(Timesheet!$F$13:$F$11461,Timesheet!$A$13:$A$11461,'Mês 1'!BE78,Timesheet!$C$13:$C$11461,'Mês 1'!$BN$75) -> 0 | BO78: =SUM(BF78:BM78) -> 0 | BP78: {=MIN(IF(Timesheet!$A$13:$A$11483='Mês 1'!BE78,Timesheet!$D$13:$D$11483))} -> 0 | BQ78: {=MAX(IF(Timesheet!$A$13:$A$11483='Mês 1'!BE78,Timesheet!$E$13:$E$11483))} -> 0
A79: 45020 | B79: =SUMIFS(Timesheet!$F$13:$F$11461,Timesheet!$A$13:$A$11461,'Mês 1'!A79,Timesheet!$C$13:$C$11461,'Mês 1'!$B$75) -> 0 | C79: =SUMIFS(Timesheet!$F$13:$F$11461,Timesheet!$A$13:$A$11461,'Mês 1'!A79,Timesheet!$C$13:$C$11461,'Mês 1'!$C$75) -> 0 | D79: =SUMIFS(Timesheet!$F$13:$F$11461,Timesheet!$A$13:$A$11461,'Mês 1'!A79,Timesheet!$C$13:$C$11461,'Mês 1'!$D$75) -> 0 | E79: =SUMIFS(Timesheet!$F$13:$F$11461,Timesheet!$A$13:$A$11461,'Mês 1'!A79,Timesheet!$C$13:$C$11461,'Mês 1'!$E$75) -> 0 | F79: =SUMIFS(Timesheet!$F$13:$F$11461,Timesheet!$A$13:$A$11461,'Mês 1'!A79,Timesheet!$C$13:$C$11461,'Mês 1'!$F$75) -> 0 | G79: =SUMIFS(Timesheet!$F$13:$F$11461,Timesheet!$A$13:$A$11461,'Mês 1'!A79,Timesheet!$C$13:$C$11461,'Mês 1'!$G$75) -> 0 | H79: =SUMIFS(Timesheet!$F$13:$F$11461,Timesheet!$A$13:$A$11461,'Mês 1'!A79,Timesheet!$C$13:$C$11461,'Mês 1'!$H$75) -> 0.20138889 | I79: =SUMIFS(Timesheet!$F$13:$F$11461,Timesheet!$A$13:$A$11461,'Mês 1'!A79,Timesheet!$C$13:$C$11461,'Mês 1'!$I$75) -> 0 | J79: =SUMIFS(Timesheet!$F$13:$F$11461,Timesheet!$A$13:$A$11461,'Mês 1'!A79,Timesheet!$C$13:$C$11461,'Mês 1'!$J$75) -> 0 | K79: =SUM(B79:I79) -> 0.20138889 | L79: {=MIN(IF(Timesheet!$A$13:$A$11483='Mês 1'!A79,Timesheet!$D$13:$D$11483))} -> 0.38541667 | M79: {=MAX(IF(Timesheet!$A$13:$A$11483='Mês 1'!A79,Timesheet!$E$13:$E$11483))} -> 0.58333333 | O79: 45081 | P79: =SUMIFS(Timesheet!$F$13:$F$11461,Timesheet!$A$13:$A$11461,'Mês 1'!O79,Timesheet!$C$13:$C$11461,'Mês 1'!$P$75) -> 0 | Q79: =SUMIFS(Timesheet!$F$13:$F$11461,Timesheet!$A$13:$A$11461,'Mês 1'!O79,Timesheet!$C$13:$C$11461,'Mês 1'!$Q$75) -> 0 | R79: =SUMIFS(Timesheet!$F$13:$F$11461,Timesheet!$A$13:$A$11461,'Mês 1'!O79,Timesheet!$C$13:$C$11461,'Mês 1'!$R$75) -> 0 | S79: =SUMIFS(Timesheet!$F$13:$F$11461,Timesheet!$A$13:$A$11461,'Mês 1'!O79,Timesheet!$C$13:$C$11461,'Mês 1'!$S$75) -> 0 | T79: =SUMIFS(Timesheet!$F$13:$F$11461,Timesheet!$A$13:$A$11461,'Mês 1'!O79,Timesheet!$C$13:$C$11461,'Mês 1'!$T$75) -> 0 | U79: =SUMIFS(Timesheet!$F$13:$F$11461,Timesheet!$A$13:$A$11461,'Mês 1'!O79,Timesheet!$C$13:$C$11461,'Mês 1'!$U$75) -> 0 | V79: =SUMIFS(Timesheet!$F$13:$F$11461,Timesheet!$A$13:$A$11461,'Mês 1'!O79,Timesheet!$C$13:$C$11461,'Mês 1'!$V$75) -> 0 | W79: =SUMIFS(Timesheet!$F$13:$F$11461,Timesheet!$A$13:$A$11461,'Mês 1'!O79,Timesheet!$C$13:$C$11461,'Mês 1'!$W$75) -> 0 | X79: =SUMIFS(Timesheet!$F$13:$F$11461,Timesheet!$A$13:$A$11461,'Mês 1'!O79,Timesheet!$C$13:$C$11461,'Mês 1'!$X$75) -> 0 | Y79: =SUM(P79:W79) -> 0 | Z79: {=MIN(IF(Timesheet!$A$13:$A$11483='Mês 1'!O79,Timesheet!$D$13:$D$11483))} -> 0 | AA79: {=MAX(IF(Timesheet!$A$13:$A$11483='Mês 1'!O79,Timesheet!$E$13:$E$11483))} -> 0 | AC79: 45142 | AD79: =SUMIFS(Timesheet!$F$13:$F$11461,Timesheet!$A$13:$A$11461,'Mês 1'!AC79,Timesheet!$C$13:$C$11461,'Mês 1'!$AD$75) -> 0 | AE79: =SUMIFS(Timesheet!$F$13:$F$11461,Timesheet!$A$13:$A$11461,'Mês 1'!AC79,Timesheet!$C$13:$C$11461,'Mês 1'!$AE$75) -> 0 | AF79: =SUMIFS(Timesheet!$F$13:$F$11461,Timesheet!$A$13:$A$11461,'Mês 1'!AC79,Timesheet!$C$13:$C$11461,'Mês 1'!$AF$75) -> 0 | AG79: =SUMIFS(Timesheet!$F$13:$F$11461,Timesheet!$A$13:$A$11461,'Mês 1'!AC79,Timesheet!$C$13:$C$11461,'Mês 1'!$AG$75) -> 0 | AH79: =SUMIFS(Timesheet!$F$13:$F$11461,Timesheet!$A$13:$A$11461,'Mês 1'!AC79,Timesheet!$C$13:$C$11461,'Mês 1'!$AH$75) -> 0 | AI79: =SUMIFS(Timesheet!$F$13:$F$11461,Timesheet!$A$13:$A$11461,'Mês 1'!AC79,Timesheet!$C$13:$C$11461,'Mês 1'!$AI$75) -> 0 | AJ79: =SUMIFS(Timesheet!$F$13:$F$11461,Timesheet!$A$13:$A$11461,'Mês 1'!AC79,Timesheet!$C$13:$C$11461,'Mês 1'!AJ$75) -> 0 | AK79: =SUMIFS(Timesheet!$F$13:$F$11461,Timesheet!$A$13:$A$11461,'Mês 1'!AC79,Timesheet!$C$13:$C$11461,'Mês 1'!$AK$75) -> 0 | AL79: =SUMIFS(Timesheet!$F$13:$F$11461,Timesheet!$A$13:$A$11461,'Mês 1'!AC79,Timesheet!$C$13:$C$11461,'Mês 1'!$AL$75) -> 0 | AM79: =SUM(AD79:AK79) -> 0 | AN79: {=MIN(IF(Timesheet!$A$13:$A$11483='Mês 1'!AC79,Timesheet!$D$13:$D$11483))} -> 0 | AO79: {=MAX(IF(Timesheet!$A$13:$A$11483='Mês 1'!AC79,Timesheet!$E$13:$E$11483))} -> 0 | AQ79: 45203 | AR79: =SUMIFS(Timesheet!$F$13:$F$11461,Timesheet!$A$13:$A$11461,'Mês 1'!AQ79,Timesheet!$C$13:$C$11461,'Mês 1'!$AR$75) -> 0 | AS79: =SUMIFS(Timesheet!$F$13:$F$11461,Timesheet!$A$13:$A$11461,'Mês 1'!AQ79,Timesheet!$C$13:$C$11461,'Mês 1'!$AS$75) -> 0 | AT79: =SUMIFS(Timesheet!$F$13:$F$11461,Timesheet!$A$13:$A$11461,'Mês 1'!AQ79,Timesheet!$C$13:$C$11461,'Mês 1'!$AT$75) -> 0 | AU79: =SUMIFS(Timesheet!$F$13:$F$11461,Timesheet!$A$13:$A$11461,'Mês 1'!AQ79,Timesheet!$C$13:$C$11461,'Mês 1'!$AU$75) -> 0 | AV79: =SUMIFS(Timesheet!$F$13:$F$11461,Timesheet!$A$13:$A$11461,'Mês 1'!AQ79,Timesheet!$C$13:$C$11461,'Mês 1'!$AV$75) -> 0 | AW79: =SUMIFS(Timesheet!$F$13:$F$11461,Timesheet!$A$13:$A$11461,'Mês 1'!AQ79,Timesheet!$C$13:$C$11461,'Mês 1'!$AW$75) -> 0 | AX79: =SUMIFS(Timesheet!$F$13:$F$11461,Timesheet!$A$13:$A$11461,'Mês 1'!AQ79,Timesheet!$C$13:$C$11461,'Mês 1'!$AX$75) -> 0 | AY79: =SUMIFS(Timesheet!$F$13:$F$11461,Timesheet!$A$13:$A$11461,'Mês 1'!AQ79,Timesheet!$C$13:$C$11461,'Mês 1'!$AY$75) -> 0 | AZ79: =SUMIFS(Timesheet!$F$13:$F$11461,Timesheet!$A$13:$A$11461,'Mês 1'!AQ79,Timesheet!$C$13:$C$11461,'Mês 1'!$AZ$75) -> 0 | BA79: =SUM(AR79:AY79) -> 0 | BB79: {=MIN(IF(Timesheet!$A$13:$A$11483='Mês 1'!AQ79,Timesheet!$D$13:$D$11483))} -> 0 | BC79: {=MAX(IF(Timesheet!$A$13:$A$11483='Mês 1'!AQ79,Timesheet!$E$13:$E$11483))} -> 0 | BE79: 45264 | BF79: =SUMIFS(Timesheet!$F$13:$F$11461,Timesheet!$A$13:$A$11461,'Mês 1'!BE79,Timesheet!$C$13:$C$11461,'Mês 1'!$BF$75) -> 0 | BG79: =SUMIFS(Timesheet!$F$13:$F$11461,Timesheet!$A$13:$A$11461,'Mês 1'!BE79,Timesheet!$C$13:$C$11461,'Mês 1'!$BG$75) -> 0 | BH79: =SUMIFS(Timesheet!$F$13:$F$11461,Timesheet!$A$13:$A$11461,'Mês 1'!BE79,Timesheet!$C$13:$C$11461,'Mês 1'!$BH$75) -> 0 | BI79: =SUMIFS(Timesheet!$F$13:$F$11461,Timesheet!$A$13:$A$11461,'Mês 1'!BE79,Timesheet!$C$13:$C$11461,'Mês 1'!$BI$75) -> 0 | BJ79: =SUMIFS(Timesheet!$F$13:$F$11461,Timesheet!$A$13:$A$11461,'Mês 1'!BE79,Timesheet!$C$13:$C$11461,'Mês 1'!$BJ$75) -> 0 | BK79: =SUMIFS(Timesheet!$F$13:$F$11461,Timesheet!$A$13:$A$11461,'Mês 1'!BE79,Timesheet!$C$13:$C$11461,'Mês 1'!$BK$75) -> 0 | BL79: =SUMIFS(Timesheet!$F$13:$F$11461,Timesheet!$A$13:$A$11461,'Mês 1'!BE79,Timesheet!$C$13:$C$11461,'Mês 1'!$BL$75) -> 0 | BM79: =SUMIFS(Timesheet!$F$13:$F$11461,Timesheet!$A$13:$A$11461,'Mês 1'!BE79,Timesheet!$C$13:$C$11461,'Mês 1'!$BM$75) -> 0 | BN79: =SUMIFS(Timesheet!$F$13:$F$11461,Timesheet!$A$13:$A$11461,'Mês 1'!BE79,Timesheet!$C$13:$C$11461,'Mês 1'!$BN$75) -> 0 | BO79: =SUM(BF79:BM79) -> 0 | BP79: {=MIN(IF(Timesheet!$A$13:$A$11483='Mês 1'!BE79,Timesheet!$D$13:$D$11483))} -> 0 | BQ79: {=MAX(IF(Timesheet!$A$13:$A$11483='Mês 1'!BE79,Timesheet!$E$13:$E$11483))} -> 0
A80: 45021 | B80: =SUMIFS(Timesheet!$F$13:$F$11461,Timesheet!$A$13:$A$11461,'Mês 1'!A80,Timesheet!$C$13:$C$11461,'Mês 1'!$B$75) -> 0 | C80: =SUMIFS(Timesheet!$F$13:$F$11461,Timesheet!$A$13:$A$11461,'Mês 1'!A80,Timesheet!$C$13:$C$11461,'Mês 1'!$C$75) -> 0.040972222 | D80: =SUMIFS(Timesheet!$F$13:$F$11461,Timesheet!$A$13:$A$11461,'Mês 1'!A80,Timesheet!$C$13:$C$11461,'Mês 1'!$D$75) -> 0 | E80: =SUMIFS(Timesheet!$F$13:$F$11461,Timesheet!$A$13:$A$11461,'Mês 1'!A80,Timesheet!$C$13:$C$11461,'Mês 1'!$E$75) -> 0 | F80: =SUMIFS(Timesheet!$F$13:$F$11461,Timesheet!$A$13:$A$11461,'Mês 1'!A80,Timesheet!$C$13:$C$11461,'Mês 1'!$F$75) -> 0 | G80: =SUMIFS(Timesheet!$F$13:$F$11461,Timesheet!$A$13:$A$11461,'Mês 1'!A80,Timesheet!$C$13:$C$11461,'Mês 1'!$G$75) -> 0 | H80: =SUMIFS(Timesheet!$F$13:$F$11461,Timesheet!$A$13:$A$11461,'Mês 1'!A80,Timesheet!$C$13:$C$11461,'Mês 1'!$H$75) -> 0.0013888889 | I80: =SUMIFS(Timesheet!$F$13:$F$11461,Timesheet!$A$13:$A$11461,'Mês 1'!A80,Timesheet!$C$13:$C$11461,'Mês 1'!$I$75) -> 0 | J80: =SUMIFS(Timesheet!$F$13:$F$11461,Timesheet!$A$13:$A$11461,'Mês 1'!A80,Timesheet!$C$13:$C$11461,'Mês 1'!$J$75) -> 0 | K80: =SUM(B80:I80) -> 0.042361111 | L80: {=MIN(IF(Timesheet!$A$13:$A$11483='Mês 1'!A80,Timesheet!$D$13:$D$11483))} -> 0.46388889 | M80: {=MAX(IF(Timesheet!$A$13:$A$11483='Mês 1'!A80,Timesheet!$E$13:$E$11483))} -> 0.67986111 | O80: 45082 | P80: =SUMIFS(Timesheet!$F$13:$F$11461,Timesheet!$A$13:$A$11461,'Mês 1'!O80,Timesheet!$C$13:$C$11461,'Mês 1'!$P$75) -> 0 | Q80: =SUMIFS(Timesheet!$F$13:$F$11461,Timesheet!$A$13:$A$11461,'Mês 1'!O80,Timesheet!$C$13:$C$11461,'Mês 1'!$Q$75) -> 0 | R80: =SUMIFS(Timesheet!$F$13:$F$11461,Timesheet!$A$13:$A$11461,'Mês 1'!O80,Timesheet!$C$13:$C$11461,'Mês 1'!$R$75) -> 0 | S80: =SUMIFS(Timesheet!$F$13:$F$11461,Timesheet!$A$13:$A$11461,'Mês 1'!O80,Timesheet!$C$13:$C$11461,'Mês 1'!$S$75) -> 0 | T80: =SUMIFS(Timesheet!$F$13:$F$11461,Timesheet!$A$13:$A$11461,'Mês 1'!O80,Timesheet!$C$13:$C$11461,'Mês 1'!$T$75) -> 0 | U80: =SUMIFS(Timesheet!$F$13:$F$11461,Timesheet!$A$13:$A$11461,'Mês 1'!O80,Timesheet!$C$13:$C$11461,'Mês 1'!$U$75) -> 0 | V80: =SUMIFS(Timesheet!$F$13:$F$11461,Timesheet!$A$13:$A$11461,'Mês 1'!O80,Timesheet!$C$13:$C$11461,'Mês 1'!$V$75) -> 0 | W80: =SUMIFS(Timesheet!$F$13:$F$11461,Timesheet!$A$13:$A$11461,'Mês 1'!O80,Timesheet!$C$13:$C$11461,'Mês 1'!$W$75) -> 0 | X80: =SUMIFS(Timesheet!$F$13:$F$11461,Timesheet!$A$13:$A$11461,'Mês 1'!O80,Timesheet!$C$13:$C$11461,'Mês 1'!$X$75) -> 0 | Y80: =SUM(P80:W80) -> 0 | Z80: {=MIN(IF(Timesheet!$A$13:$A$11483='Mês 1'!O80,Timesheet!$D$13:$D$11483))} -> 0 | AA80: {=MAX(IF(Timesheet!$A$13:$A$11483='Mês 1'!O80,Timesheet!$E$13:$E$11483))} -> 0 | AC80: 45143 | AD80: =SUMIFS(Timesheet!$F$13:$F$11461,Timesheet!$A$13:$A$11461,'Mês 1'!AC80,Timesheet!$C$13:$C$11461,'Mês 1'!$AD$75) -> 0 | AE80: =SUMIFS(Timesheet!$F$13:$F$11461,Timesheet!$A$13:$A$11461,'Mês 1'!AC80,Timesheet!$C$13:$C$11461,'Mês 1'!$AE$75) -> 0 | AF80: =SUMIFS(Timesheet!$F$13:$F$11461,Timesheet!$A$13:$A$11461,'Mês 1'!AC80,Timesheet!$C$13:$C$11461,'Mês 1'!$AF$75) -> 0 | AG80: =SUMIFS(Timesheet!$F$13:$F$11461,Timesheet!$A$13:$A$11461,'Mês 1'!AC80,Timesheet!$C$13:$C$11461,'Mês 1'!$AG$75) -> 0 | AH80: =SUMIFS(Timesheet!$F$13:$F$11461,Timesheet!$A$13:$A$11461,'Mês 1'!AC80,Timesheet!$C$13:$C$11461,'Mês 1'!$AH$75) -> 0 | AI80: =SUMIFS(Timesheet!$F$13:$F$11461,Timesheet!$A$13:$A$11461,'Mês 1'!AC80,Timesheet!$C$13:$C$11461,'Mês 1'!$AI$75) -> 0 | AJ80: =SUMIFS(Timesheet!$F$13:$F$11461,Timesheet!$A$13:$A$11461,'Mês 1'!AC80,Timesheet!$C$13:$C$11461,'Mês 1'!AJ$75) -> 0 | AK80: =SUMIFS(Timesheet!$F$13:$F$11461,Timesheet!$A$13:$A$11461,'Mês 1'!AC80,Timesheet!$C$13:$C$11461,'Mês 1'!$AK$75) -> 0 | AL80: =SUMIFS(Timesheet!$F$13:$F$11461,Timesheet!$A$13:$A$11461,'Mês 1'!AC80,Timesheet!$C$13:$C$11461,'Mês 1'!$AL$75) -> 0 | AM80: =SUM(AD80:AK80) -> 0 | AN80: {=MIN(IF(Timesheet!$A$13:$A$11483='Mês 1'!AC80,Timesheet!$D$13:$D$11483))} -> 0 | AO80: {=MAX(IF(Timesheet!$A$13:$A$11483='Mês 1'!AC80,Timesheet!$E$13:$E$11483))} -> 0 | AQ80: 45204 | AR80: =SUMIFS(Timesheet!$F$13:$F$11461,Timesheet!$A$13:$A$11461,'Mês 1'!AQ80,Timesheet!$C$13:$C$11461,'Mês 1'!$AR$75) -> 0 | AS80: =SUMIFS(Timesheet!$F$13:$F$11461,Timesheet!$A$13:$A$11461,'Mês 1'!AQ80,Timesheet!$C$13:$C$11461,'Mês 1'!$AS$75) -> 0 | AT80: =SUMIFS(Timesheet!$F$13:$F$11461,Timesheet!$A$13:$A$11461,'Mês 1'!AQ80,Timesheet!$C$13:$C$11461,'Mês 1'!$AT$75) -> 0 | AU80: =SUMIFS(Timesheet!$F$13:$F$11461,Timesheet!$A$13:$A$11461,'Mês 1'!AQ80,Timesheet!$C$13:$C$11461,'Mês 1'!$AU$75) -> 0 | AV80: =SUMIFS(Timesheet!$F$13:$F$11461,Timesheet!$A$13:$A$11461,'Mês 1'!AQ80,Timesheet!$C$13:$C$11461,'Mês 1'!$AV$75) -> 0 | AW80: =SUMIFS(Timesheet!$F$13:$F$11461,Timesheet!$A$13:$A$11461,'Mês 1'!AQ80,Timesheet!$C$13:$C$11461,'Mês 1'!$AW$75) -> 0 | AX80: =SUMIFS(Timesheet!$F$13:$F$11461,Timesheet!$A$13:$A$11461,'Mês 1'!AQ80,Timesheet!$C$13:$C$11461,'Mês 1'!$AX$75) -> 0 | AY80: =SUMIFS(Timesheet!$F$13:$F$11461,Timesheet!$A$13:$A$11461,'Mês 1'!AQ80,Timesheet!$C$13:$C$11461,'Mês 1'!$AY$75) -> 0 | AZ80: =SUMIFS(Timesheet!$F$13:$F$11461,Timesheet!$A$13:$A$11461,'Mês 1'!AQ80,Timesheet!$C$13:$C$11461,'Mês 1'!$AZ$75) -> 0 | BA80: =SUM(AR80:AY80) -> 0 | BB80: {=MIN(IF(Timesheet!$A$13:$A$11483='Mês 1'!AQ80,Timesheet!$D$13:$D$11483))} -> 0 | BC80: {=MAX(IF(Timesheet!$A$13:$A$11483='Mês 1'!AQ80,Timesheet!$E$13:$E$11483))} -> 0 | BE80: 45265 | BF80: =SUMIFS(Timesheet!$F$13:$F$11461,Timesheet!$A$13:$A$11461,'Mês 1'!BE80,Timesheet!$C$13:$C$11461,'Mês 1'!$BF$75) -> 0 | BG80: =SUMIFS(Timesheet!$F$13:$F$11461,Timesheet!$A$13:$A$11461,'Mês 1'!BE80,Timesheet!$C$13:$C$11461,'Mês 1'!$BG$75) -> 0 | BH80: =SUMIFS(Timesheet!$F$13:$F$11461,Timesheet!$A$13:$A$11461,'Mês 1'!BE80,Timesheet!$C$13:$C$11461,'Mês 1'!$BH$75) -> 0 | BI80: =SUMIFS(Timesheet!$F$13:$F$11461,Timesheet!$A$13:$A$11461,'Mês 1'!BE80,Timesheet!$C$13:$C$11461,'Mês 1'!$BI$75) -> 0 | BJ80: =SUMIFS(Timesheet!$F$13:$F$11461,Timesheet!$A$13:$A$11461,'Mês 1'!BE80,Timesheet!$C$13:$C$11461,'Mês 1'!$BJ$75) -> 0 | BK80: =SUMIFS(Timesheet!$F$13:$F$11461,Timesheet!$A$13:$A$11461,'Mês 1'!BE80,Timesheet!$C$13:$C$11461,'Mês 1'!$BK$75) -> 0 | BL80: =SUMIFS(Timesheet!$F$13:$F$11461,Timesheet!$A$13:$A$11461,'Mês 1'!BE80,Timesheet!$C$13:$C$11461,'Mês 1'!$BL$75) -> 0 | BM80: =SUMIFS(Timesheet!$F$13:$F$11461,Timesheet!$A$13:$A$11461,'Mês 1'!BE80,Timesheet!$C$13:$C$11461,'Mês 1'!$BM$75) -> 0 | BN80: =SUMIFS(Timesheet!$F$13:$F$11461,Timesheet!$A$13:$A$11461,'Mês 1'!BE80,Timesheet!$C$13:$C$11461,'Mês 1'!$BN$75) -> 0 | BO80: =SUM(BF80:BM80) -> 0 | BP80: {=MIN(IF(Timesheet!$A$13:$A$11483='Mês 1'!BE80,Timesheet!$D$13:$D$11483))} -> 0 | BQ80: {=MAX(IF(Timesheet!$A$13:$A$11483='Mês 1'!BE80,Timesheet!$E$13:$E$11483))} -> 0
A81: 45022 | B81: =SUMIFS(Timesheet!$F$13:$F$11461,Timesheet!$A$13:$A$11461,'Mês 1'!A81,Timesheet!$C$13:$C$11461,'Mês 1'!$B$75) -> 0 | C81: =SUMIFS(Timesheet!$F$13:$F$11461,Timesheet!$A$13:$A$11461,'Mês 1'!A81,Timesheet!$C$13:$C$11461,'Mês 1'!$C$75) -> 0.27777778 | D81: =SUMIFS(Timesheet!$F$13:$F$11461,Timesheet!$A$13:$A$11461,'Mês 1'!A81,Timesheet!$C$13:$C$11461,'Mês 1'!$D$75) -> 0 | E81: =SUMIFS(Timesheet!$F$13:$F$11461,Timesheet!$A$13:$A$11461,'Mês 1'!A81,Timesheet!$C$13:$C$11461,'Mês 1'!$E$75) -> 0 | F81: =SUMIFS(Timesheet!$F$13:$F$11461,Timesheet!$A$13:$A$11461,'Mês 1'!A81,Timesheet!$C$13:$C$11461,'Mês 1'!$F$75) -> 0 | G81: =SUMIFS(Timesheet!$F$13:$F$11461,Timesheet!$A$13:$A$11461,'Mês 1'!A81,Timesheet!$C$13:$C$11461,'Mês 1'!$G$75) -> 0 | H81: =SUMIFS(Timesheet!$F$13:$F$11461,Timesheet!$A$13:$A$11461,'Mês 1'!A81,Timesheet!$C$13:$C$11461,'Mês 1'!$H$75) -> 0.015277778 | I81: =SUMIFS(Timesheet!$F$13:$F$11461,Timesheet!$A$13:$A$11461,'Mês 1'!A81,Timesheet!$C$13:$C$11461,'Mês 1'!$I$75) -> 0 | J81: =SUMIFS(Timesheet!$F$13:$F$11461,Timesheet!$A$13:$A$11461,'Mês 1'!A81,Timesheet!$C$13:$C$11461,'Mês 1'!$J$75) -> 0 | K81: =SUM(B81:I81) -> 0.29305556 | L81: {=MIN(IF(Timesheet!$A$13:$A$11483='Mês 1'!A81,Timesheet!$D$13:$D$11483))} -> 0.36111111 | M81: {=MAX(IF(Timesheet!$A$13:$A$11483='Mês 1'!A81,Timesheet!$E$13:$E$11483))} -> 0.63888889 | O81: 45083 | P81: =SUMIFS(Timesheet!$F$13:$F$11461,Timesheet!$A$13:$A$11461,'Mês 1'!O81,Timesheet!$C$13:$C$11461,'Mês 1'!$P$75) -> 0 | Q81: =SUMIFS(Timesheet!$F$13:$F$11461,Timesheet!$A$13:$A$11461,'Mês 1'!O81,Timesheet!$C$13:$C$11461,'Mês 1'!$Q$75) -> 0 | R81: =SUMIFS(Timesheet!$F$13:$F$11461,Timesheet!$A$13:$A$11461,'Mês 1'!O81,Timesheet!$C$13:$C$11461,'Mês 1'!$R$75) -> 0 | S81: =SUMIFS(Timesheet!$F$13:$F$11461,Timesheet!$A$13:$A$11461,'Mês 1'!O81,Timesheet!$C$13:$C$11461,'Mês 1'!$S$75) -> 0 | T81: =SUMIFS(Timesheet!$F$13:$F$11461,Timesheet!$A$13:$A$11461,'Mês 1'!O81,Timesheet!$C$13:$C$11461,'Mês 1'!$T$75) -> 0 | U81: =SUMIFS(Timesheet!$F$13:$F$11461,Timesheet!$A$13:$A$11461,'Mês 1'!O81,Timesheet!$C$13:$C$11461,'Mês 1'!$U$75) -> 0 | V81: =SUMIFS(Timesheet!$F$13:$F$11461,Timesheet!$A$13:$A$11461,'Mês 1'!O81,Timesheet!$C$13:$C$11461,'Mês 1'!$V$75) -> 0 | W81: =SUMIFS(Timesheet!$F$13:$F$11461,Timesheet!$A$13:$A$11461,'Mês 1'!O81,Timesheet!$C$13:$C$11461,'Mês 1'!$W$75) -> 0 | X81: =SUMIFS(Timesheet!$F$13:$F$11461,Timesheet!$A$13:$A$11461,'Mês 1'!O81,Timesheet!$C$13:$C$11461,'Mês 1'!$X$75) -> 0 | Y81: =SUM(P81:W81) -> 0 | Z81: {=MIN(IF(Timesheet!$A$13:$A$11483='Mês 1'!O81,Timesheet!$D$13:$D$11483))} -> 0 | AA81: {=MAX(IF(Timesheet!$A$13:$A$11483='Mês 1'!O81,Timesheet!$E$13:$E$11483))} -> 0 | AC81: 45144 | AD81: =SUMIFS(Timesheet!$F$13:$F$11461,Timesheet!$A$13:$A$11461,'Mês 1'!AC81,Timesheet!$C$13:$C$11461,'Mês 1'!$AD$75) -> 0 | AE81: =SUMIFS(Timesheet!$F$13:$F$11461,Timesheet!$A$13:$A$11461,'Mês 1'!AC81,Timesheet!$C$13:$C$11461,'Mês 1'!$AE$75) -> 0 | AF81: =SUMIFS(Timesheet!$F$13:$F$11461,Timesheet!$A$13:$A$11461,'Mês 1'!AC81,Timesheet!$C$13:$C$11461,'Mês 1'!$AF$75) -> 0 | AG81: =SUMIFS(Timesheet!$F$13:$F$11461,Timesheet!$A$13:$A$11461,'Mês 1'!AC81,Timesheet!$C$13:$C$11461,'Mês 1'!$AG$75) -> 0 | AH81: =SUMIFS(Timesheet!$F$13:$F$11461,Timesheet!$A$13:$A$11461,'Mês 1'!AC81,Timesheet!$C$13:$C$11461,'Mês 1'!$AH$75) -> 0 | AI81: =SUMIFS(Timesheet!$F$13:$F$11461,Timesheet!$A$13:$A$11461,'Mês 1'!AC81,Timesheet!$C$13:$C$11461,'Mês 1'!$AI$75) -> 0 | AJ81: =SUMIFS(Timesheet!$F$13:$F$11461,Timesheet!$A$13:$A$11461,'Mês 1'!AC81,Timesheet!$C$13:$C$11461,'Mês 1'!AJ$75) -> 0 | AK81: =SUMIFS(Timesheet!$F$13:$F$11461,Timesheet!$A$13:$A$11461,'Mês 1'!AC81,Timesheet!$C$13:$C$11461,'Mês 1'!$AK$75) -> 0 | AL81: =SUMIFS(Timesheet!$F$13:$F$11461,Timesheet!$A$13:$A$11461,'Mês 1'!AC81,Timesheet!$C$13:$C$11461,'Mês 1'!$AL$75) -> 0 | AM81: =SUM(AD81:AK81) -> 0 | AN81: {=MIN(IF(Timesheet!$A$13:$A$11483='Mês 1'!AC81,Timesheet!$D$13:$D$11483))} -> 0 | AO81: {=MAX(IF(Timesheet!$A$13:$A$11483='Mês 1'!AC81,Timesheet!$E$13:$E$11483))} -> 0 | AQ81: 45205 | AR81: =SUMIFS(Timesheet!$F$13:$F$11461,Timesheet!$A$13:$A$11461,'Mês 1'!AQ81,Timesheet!$C$13:$C$11461,'Mês 1'!$AR$75) -> 0 | AS81: =SUMIFS(Timesheet!$F$13:$F$11461,Timesheet!$A$13:$A$11461,'Mês 1'!AQ81,Timesheet!$C$13:$C$11461,'Mês 1'!$AS$75) -> 0 | AT81: =SUMIFS(Timesheet!$F$13:$F$11461,Timesheet!$A$13:$A$11461,'Mês 1'!AQ81,Timesheet!$C$13:$C$11461,'Mês 1'!$AT$75) -> 0 | AU81: =SUMIFS(Timesheet!$F$13:$F$11461,Timesheet!$A$13:$A$11461,'Mês 1'!AQ81,Timesheet!$C$13:$C$11461,'Mês 1'!$AU$75) -> 0 | AV81: =SUMIFS(Timesheet!$F$13:$F$11461,Timesheet!$A$13:$A$11461,'Mês 1'!AQ81,Timesheet!$C$13:$C$11461,'Mês 1'!$AV$75) -> 0 | AW81: =SUMIFS(Timesheet!$F$13:$F$11461,Timesheet!$A$13:$A$11461,'Mês 1'!AQ81,Timesheet!$C$13:$C$11461,'Mês 1'!$AW$75) -> 0 | AX81: =SUMIFS(Timesheet!$F$13:$F$11461,Timesheet!$A$13:$A$11461,'Mês 1'!AQ81,Timesheet!$C$13:$C$11461,'Mês 1'!$AX$75) -> 0 | AY81: =SUMIFS(Timesheet!$F$13:$F$11461,Timesheet!$A$13:$A$11461,'Mês 1'!AQ81,Timesheet!$C$13:$C$11461,'Mês 1'!$AY$75) -> 0 | AZ81: =SUMIFS(Timesheet!$F$13:$F$11461,Timesheet!$A$13:$A$11461,'Mês 1'!AQ81,Timesheet!$C$13:$C$11461,'Mês 1'!$AZ$75) -> 0 | BA81: =SUM(AR81:AY81) -> 0 | BB81: {=MIN(IF(Timesheet!$A$13:$A$11483='Mês 1'!AQ81,Timesheet!$D$13:$D$11483))} -> 0 | BC81: {=MAX(IF(Timesheet!$A$13:$A$11483='Mês 1'!AQ81,Timesheet!$E$13:$E$11483))} -> 0 | BE81: 45266 | BF81: =SUMIFS(Timesheet!$F$13:$F$11461,Timesheet!$A$13:$A$11461,'Mês 1'!BE81,Timesheet!$C$13:$C$11461,'Mês 1'!$BF$75) -> 0 | BG81: =SUMIFS(Timesheet!$F$13:$F$11461,Timesheet!$A$13:$A$11461,'Mês 1'!BE81,Timesheet!$C$13:$C$11461,'Mês 1'!$BG$75) -> 0 | BH81: =SUMIFS(Timesheet!$F$13:$F$11461,Timesheet!$A$13:$A$11461,'Mês 1'!BE81,Timesheet!$C$13:$C$11461,'Mês 1'!$BH$75) -> 0 | BI81: =SUMIFS(Timesheet!$F$13:$F$11461,Timesheet!$A$13:$A$11461,'Mês 1'!BE81,Timesheet!$C$13:$C$11461,'Mês 1'!$BI$75) -> 0 | BJ81: =SUMIFS(Timesheet!$F$13:$F$11461,Timesheet!$A$13:$A$11461,'Mês 1'!BE81,Timesheet!$C$13:$C$11461,'Mês 1'!$BJ$75) -> 0 | BK81: =SUMIFS(Timesheet!$F$13:$F$11461,Timesheet!$A$13:$A$11461,'Mês 1'!BE81,Timesheet!$C$13:$C$11461,'Mês 1'!$BK$75) -> 0 | BL81: =SUMIFS(Timesheet!$F$13:$F$11461,Timesheet!$A$13:$A$11461,'Mês 1'!BE81,Timesheet!$C$13:$C$11461,'Mês 1'!$BL$75) -> 0 | BM81: =SUMIFS(Timesheet!$F$13:$F$11461,Timesheet!$A$13:$A$11461,'Mês 1'!BE81,Timesheet!$C$13:$C$11461,'Mês 1'!$BM$75) -> 0 | BN81: =SUMIFS(Timesheet!$F$13:$F$11461,Timesheet!$A$13:$A$11461,'Mês 1'!BE81,Timesheet!$C$13:$C$11461,'Mês 1'!$BN$75) -> 0 | BO81: =SUM(BF81:BM81) -> 0 | BP81: {=MIN(IF(Timesheet!$A$13:$A$11483='Mês 1'!BE81,Timesheet!$D$13:$D$11483))} -> 0 | BQ81: {=MAX(IF(Timesheet!$A$13:$A$11483='Mês 1'!BE81,Timesheet!$E$13:$E$11483))} -> 0
A82: 45023 | B82: =SUMIFS(Timesheet!$F$13:$F$11461,Timesheet!$A$13:$A$11461,'Mês 1'!A82,Timesheet!$C$13:$C$11461,'Mês 1'!$B$75) -> 0 | C82: =SUMIFS(Timesheet!$F$13:$F$11461,Timesheet!$A$13:$A$11461,'Mês 1'!A82,Timesheet!$C$13:$C$11461,'Mês 1'!$C$75) -> 0 | D82: =SUMIFS(Timesheet!$F$13:$F$11461,Timesheet!$A$13:$A$11461,'Mês 1'!A82,Timesheet!$C$13:$C$11461,'Mês 1'!$D$75) -> 0 | E82: =SUMIFS(Timesheet!$F$13:$F$11461,Timesheet!$A$13:$A$11461,'Mês 1'!A82,Timesheet!$C$13:$C$11461,'Mês 1'!$E$75) -> 0 | F82: =SUMIFS(Timesheet!$F$13:$F$11461,Timesheet!$A$13:$A$11461,'Mês 1'!A82,Timesheet!$C$13:$C$11461,'Mês 1'!$F$75) -> 0 | G82: =SUMIFS(Timesheet!$F$13:$F$11461,Timesheet!$A$13:$A$11461,'Mês 1'!A82,Timesheet!$C$13:$C$11461,'Mês 1'!$G$75) -> 0 | H82: =SUMIFS(Timesheet!$F$13:$F$11461,Timesheet!$A$13:$A$11461,'Mês 1'!A82,Timesheet!$C$13:$C$11461,'Mês 1'!$H$75) -> 0 | I82: =SUMIFS(Timesheet!$F$13:$F$11461,Timesheet!$A$13:$A$11461,'Mês 1'!A82,Timesheet!$C$13:$C$11461,'Mês 1'!$I$75) -> 0 | J82: =SUMIFS(Timesheet!$F$13:$F$11461,Timesheet!$A$13:$A$11461,'Mês 1'!A82,Timesheet!$C$13:$C$11461,'Mês 1'!$J$75) -> 0 | K82: =SUM(B82:I82) -> 0 | L82: {=MIN(IF(Timesheet!$A$13:$A$11483='Mês 1'!A82,Timesheet!$D$13:$D$11483))} -> 0 | M82: {=MAX(IF(Timesheet!$A$13:$A$11483='Mês 1'!A82,Timesheet!$E$13:$E$11483))} -> 0 | O82: 45084 | P82: =SUMIFS(Timesheet!$F$13:$F$11461,Timesheet!$A$13:$A$11461,'Mês 1'!O82,Timesheet!$C$13:$C$11461,'Mês 1'!$P$75) -> 0 | Q82: =SUMIFS(Timesheet!$F$13:$F$11461,Timesheet!$A$13:$A$11461,'Mês 1'!O82,Timesheet!$C$13:$C$11461,'Mês 1'!$Q$75) -> 0 | R82: =SUMIFS(Timesheet!$F$13:$F$11461,Timesheet!$A$13:$A$11461,'Mês 1'!O82,Timesheet!$C$13:$C$11461,'Mês 1'!$R$75) -> 0 | S82: =SUMIFS(Timesheet!$F$13:$F$11461,Timesheet!$A$13:$A$11461,'Mês 1'!O82,Timesheet!$C$13:$C$11461,'Mês 1'!$S$75) -> 0 | T82: =SUMIFS(Timesheet!$F$13:$F$11461,Timesheet!$A$13:$A$11461,'Mês 1'!O82,Timesheet!$C$13:$C$11461,'Mês 1'!$T$75) -> 0 | U82: =SUMIFS(Timesheet!$F$13:$F$11461,Timesheet!$A$13:$A$11461,'Mês 1'!O82,Timesheet!$C$13:$C$11461,'Mês 1'!$U$75) -> 0 | V82: =SUMIFS(Timesheet!$F$13:$F$11461,Timesheet!$A$13:$A$11461,'Mês 1'!O82,Timesheet!$C$13:$C$11461,'Mês 1'!$V$75) -> 0 | W82: =SUMIFS(Timesheet!$F$13:$F$11461,Timesheet!$A$13:$A$11461,'Mês 1'!O82,Timesheet!$C$13:$C$11461,'Mês 1'!$W$75) -> 0 | X82: =SUMIFS(Timesheet!$F$13:$F$11461,Timesheet!$A$13:$A$11461,'Mês 1'!O82,Timesheet!$C$13:$C$11461,'Mês 1'!$X$75) -> 0 | Y82: =SUM(P82:W82) -> 0 | Z82: {=MIN(IF(Timesheet!$A$13:$A$11483='Mês 1'!O82,Timesheet!$D$13:$D$11483))} -> 0 | AA82: {=MAX(IF(Timesheet!$A$13:$A$11483='Mês 1'!O82,Timesheet!$E$13:$E$11483))} -> 0 | AC82: 45145 | AD82: =SUMIFS(Timesheet!$F$13:$F$11461,Timesheet!$A$13:$A$11461,'Mês 1'!AC82,Timesheet!$C$13:$C$11461,'Mês 1'!$AD$75) -> 0 | AE82: =SUMIFS(Timesheet!$F$13:$F$11461,Timesheet!$A$13:$A$11461,'Mês 1'!AC82,Timesheet!$C$13:$C$11461,'Mês 1'!$AE$75) -> 0 | AF82: =SUMIFS(Timesheet!$F$13:$F$11461,Timesheet!$A$13:$A$11461,'Mês 1'!AC82,Timesheet!$C$13:$C$11461,'Mês 1'!$AF$75) -> 0 | AG82: =SUMIFS(Timesheet!$F$13:$F$11461,Timesheet!$A$13:$A$11461,'Mês 1'!AC82,Timesheet!$C$13:$C$11461,'Mês 1'!$AG$75) -> 0 | AH82: =SUMIFS(Timesheet!$F$13:$F$11461,Timesheet!$A$13:$A$11461,'Mês 1'!AC82,Timesheet!$C$13:$C$11461,'Mês 1'!$AH$75) -> 0 | AI82: =SUMIFS(Timesheet!$F$13:$F$11461,Timesheet!$A$13:$A$11461,'Mês 1'!AC82,Timesheet!$C$13:$C$11461,'Mês 1'!$AI$75) -> 0 | AJ82: =SUMIFS(Timesheet!$F$13:$F$11461,Timesheet!$A$13:$A$11461,'Mês 1'!AC82,Timesheet!$C$13:$C$11461,'Mês 1'!AJ$75) -> 0 | AK82: =SUMIFS(Timesheet!$F$13:$F$11461,Timesheet!$A$13:$A$11461,'Mês 1'!AC82,Timesheet!$C$13:$C$11461,'Mês 1'!$AK$75) -> 0 | AL82: =SUMIFS(Timesheet!$F$13:$F$11461,Timesheet!$A$13:$A$11461,'Mês 1'!AC82,Timesheet!$C$13:$C$11461,'Mês 1'!$AL$75) -> 0 | AM82: =SUM(AD82:AK82) -> 0 | AN82: {=MIN(IF(Timesheet!$A$13:$A$11483='Mês 1'!AC82,Timesheet!$D$13:$D$11483))} -> 0 | AO82: {=MAX(IF(Timesheet!$A$13:$A$11483='Mês 1'!AC82,Timesheet!$E$13:$E$11483))} -> 0 | AQ82: 45206 | AR82: =SUMIFS(Timesheet!$F$13:$F$11461,Timesheet!$A$13:$A$11461,'Mês 1'!AQ82,Timesheet!$C$13:$C$11461,'Mês 1'!$AR$75) -> 0 | AS82: =SUMIFS(Timesheet!$F$13:$F$11461,Timesheet!$A$13:$A$11461,'Mês 1'!AQ82,Timesheet!$C$13:$C$11461,'Mês 1'!$AS$75) -> 0 | AT82: =SUMIFS(Timesheet!$F$13:$F$11461,Timesheet!$A$13:$A$11461,'Mês 1'!AQ82,Timesheet!$C$13:$C$11461,'Mês 1'!$AT$75) -> 0 | AU82: =SUMIFS(Timesheet!$F$13:$F$11461,Timesheet!$A$13:$A$11461,'Mês 1'!AQ82,Timesheet!$C$13:$C$11461,'Mês 1'!$AU$75) -> 0 | AV82: =SUMIFS(Timesheet!$F$13:$F$11461,Timesheet!$A$13:$A$11461,'Mês 1'!AQ82,Timesheet!$C$13:$C$11461,'Mês 1'!$AV$75) -> 0 | AW82: =SUMIFS(Timesheet!$F$13:$F$11461,Timesheet!$A$13:$A$11461,'Mês 1'!AQ82,Timesheet!$C$13:$C$11461,'Mês 1'!$AW$75) -> 0 | AX82: =SUMIFS(Timesheet!$F$13:$F$11461,Timesheet!$A$13:$A$11461,'Mês 1'!AQ82,Timesheet!$C$13:$C$11461,'Mês 1'!$AX$75) -> 0 | AY82: =SUMIFS(Timesheet!$F$13:$F$11461,Timesheet!$A$13:$A$11461,'Mês 1'!AQ82,Timesheet!$C$13:$C$11461,'Mês 1'!$AY$75) -> 0 | AZ82: =SUMIFS(Timesheet!$F$13:$F$11461,Timesheet!$A$13:$A$11461,'Mês 1'!AQ82,Timesheet!$C$13:$C$11461,'Mês 1'!$AZ$75) -> 0 | BA82: =SUM(AR82:AY82) -> 0 | BB82: {=MIN(IF(Timesheet!$A$13:$A$11483='Mês 1'!AQ82,Timesheet!$D$13:$D$11483))} -> 0 | BC82: {=MAX(IF(Timesheet!$A$13:$A$11483='Mês 1'!AQ82,Timesheet!$E$13:$E$11483))} -> 0 | BE82: 45267 | BF82: =SUMIFS(Timesheet!$F$13:$F$11461,Timesheet!$A$13:$A$11461,'Mês 1'!BE82,Timesheet!$C$13:$C$11461,'Mês 1'!$BF$75) -> 0 | BG82: =SUMIFS(Timesheet!$F$13:$F$11461,Timesheet!$A$13:$A$11461,'Mês 1'!BE82,Timesheet!$C$13:$C$11461,'Mês 1'!$BG$75) -> 0 | BH82: =SUMIFS(Timesheet!$F$13:$F$11461,Timesheet!$A$13:$A$11461,'Mês 1'!BE82,Timesheet!$C$13:$C$11461,'Mês 1'!$BH$75) -> 0 | BI82: =SUMIFS(Timesheet!$F$13:$F$11461,Timesheet!$A$13:$A$11461,'Mês 1'!BE82,Timesheet!$C$13:$C$11461,'Mês 1'!$BI$75) -> 0 | BJ82: =SUMIFS(Timesheet!$F$13:$F$11461,Timesheet!$A$13:$A$11461,'Mês 1'!BE82,Timesheet!$C$13:$C$11461,'Mês 1'!$BJ$75) -> 0 | BK82: =SUMIFS(Timesheet!$F$13:$F$11461,Timesheet!$A$13:$A$11461,'Mês 1'!BE82,Timesheet!$C$13:$C$11461,'Mês 1'!$BK$75) -> 0 | BL82: =SUMIFS(Timesheet!$F$13:$F$11461,Timesheet!$A$13:$A$11461,'Mês 1'!BE82,Timesheet!$C$13:$C$11461,'Mês 1'!$BL$75) -> 0 | BM82: =SUMIFS(Timesheet!$F$13:$F$11461,Timesheet!$A$13:$A$11461,'Mês 1'!BE82,Timesheet!$C$13:$C$11461,'Mês 1'!$BM$75) -> 0 | BN82: =SUMIFS(Timesheet!$F$13:$F$11461,Timesheet!$A$13:$A$11461,'Mês 1'!BE82,Timesheet!$C$13:$C$11461,'Mês 1'!$BN$75) -> 0 | BO82: =SUM(BF82:BM82) -> 0 | BP82: {=MIN(IF(Timesheet!$A$13:$A$11483='Mês 1'!BE82,Timesheet!$D$13:$D$11483))} -> 0 | BQ82: {=MAX(IF(Timesheet!$A$13:$A$11483='Mês 1'!BE82,Timesheet!$E$13:$E$11483))} -> 0
A83: 45024 | B83: =SUMIFS(Timesheet!$F$13:$F$11461,Timesheet!$A$13:$A$11461,'Mês 1'!A83,Timesheet!$C$13:$C$11461,'Mês 1'!$B$75) -> 0 | C83: =SUMIFS(Timesheet!$F$13:$F$11461,Timesheet!$A$13:$A$11461,'Mês 1'!A83,Timesheet!$C$13:$C$11461,'Mês 1'!$C$75) -> 0 | D83: =SUMIFS(Timesheet!$F$13:$F$11461,Timesheet!$A$13:$A$11461,'Mês 1'!A83,Timesheet!$C$13:$C$11461,'Mês 1'!$D$75) -> 0 | E83: =SUMIFS(Timesheet!$F$13:$F$11461,Timesheet!$A$13:$A$11461,'Mês 1'!A83,Timesheet!$C$13:$C$11461,'Mês 1'!$E$75) -> 0 | F83: =SUMIFS(Timesheet!$F$13:$F$11461,Timesheet!$A$13:$A$11461,'Mês 1'!A83,Timesheet!$C$13:$C$11461,'Mês 1'!$F$75) -> 0 | G83: =SUMIFS(Timesheet!$F$13:$F$11461,Timesheet!$A$13:$A$11461,'Mês 1'!A83,Timesheet!$C$13:$C$11461,'Mês 1'!$G$75) -> 0 | H83: =SUMIFS(Timesheet!$F$13:$F$11461,Timesheet!$A$13:$A$11461,'Mês 1'!A83,Timesheet!$C$13:$C$11461,'Mês 1'!$H$75) -> 0 | I83: =SUMIFS(Timesheet!$F$13:$F$11461,Timesheet!$A$13:$A$11461,'Mês 1'!A83,Timesheet!$C$13:$C$11461,'Mês 1'!$I$75) -> 0 | J83: =SUMIFS(Timesheet!$F$13:$F$11461,Timesheet!$A$13:$A$11461,'Mês 1'!A83,Timesheet!$C$13:$C$11461,'Mês 1'!$J$75) -> 0 | K83: =SUM(B83:I83) -> 0 | L83: {=MIN(IF(Timesheet!$A$13:$A$11483='Mês 1'!A83,Timesheet!$D$13:$D$11483))} -> 0 | M83: {=MAX(IF(Timesheet!$A$13:$A$11483='Mês 1'!A83,Timesheet!$E$13:$E$11483))} -> 0 | O83: 45085 | P83: =SUMIFS(Timesheet!$F$13:$F$11461,Timesheet!$A$13:$A$11461,'Mês 1'!O83,Timesheet!$C$13:$C$11461,'Mês 1'!$P$75) -> 0 | Q83: =SUMIFS(Timesheet!$F$13:$F$11461,Timesheet!$A$13:$A$11461,'Mês 1'!O83,Timesheet!$C$13:$C$11461,'Mês 1'!$Q$75) -> 0 | R83: =SUMIFS(Timesheet!$F$13:$F$11461,Timesheet!$A$13:$A$11461,'Mês 1'!O83,Timesheet!$C$13:$C$11461,'Mês 1'!$R$75) -> 0 | S83: =SUMIFS(Timesheet!$F$13:$F$11461,Timesheet!$A$13:$A$11461,'Mês 1'!O83,Timesheet!$C$13:$C$11461,'Mês 1'!$S$75) -> 0 | T83: =SUMIFS(Timesheet!$F$13:$F$11461,Timesheet!$A$13:$A$11461,'Mês 1'!O83,Timesheet!$C$13:$C$11461,'Mês 1'!$T$75) -> 0 | U83: =SUMIFS(Timesheet!$F$13:$F$11461,Timesheet!$A$13:$A$11461,'Mês 1'!O83,Timesheet!$C$13:$C$11461,'Mês 1'!$U$75) -> 0 | V83: =SUMIFS(Timesheet!$F$13:$F$11461,Timesheet!$A$13:$A$11461,'Mês 1'!O83,Timesheet!$C$13:$C$11461,'Mês 1'!$V$75) -> 0 | W83: =SUMIFS(Timesheet!$F$13:$F$11461,Timesheet!$A$13:$A$11461,'Mês 1'!O83,Timesheet!$C$13:$C$11461,'Mês 1'!$W$75) -> 0 | X83: =SUMIFS(Timesheet!$F$13:$F$11461,Timesheet!$A$13:$A$11461,'Mês 1'!O83,Timesheet!$C$13:$C$11461,'Mês 1'!$X$75) -> 0 | Y83: =SUM(P83:W83) -> 0 | Z83: {=MIN(IF(Timesheet!$A$13:$A$11483='Mês 1'!O83,Timesheet!$D$13:$D$11483))} -> 0 | AA83: {=MAX(IF(Timesheet!$A$13:$A$11483='Mês 1'!O83,Timesheet!$E$13:$E$11483))} -> 0 | AC83: 45146 | AD83: =SUMIFS(Timesheet!$F$13:$F$11461,Timesheet!$A$13:$A$11461,'Mês 1'!AC83,Timesheet!$C$13:$C$11461,'Mês 1'!$AD$75) -> 0 | AE83: =SUMIFS(Timesheet!$F$13:$F$11461,Timesheet!$A$13:$A$11461,'Mês 1'!AC83,Timesheet!$C$13:$C$11461,'Mês 1'!$AE$75) -> 0 | AF83: =SUMIFS(Timesheet!$F$13:$F$11461,Timesheet!$A$13:$A$11461,'Mês 1'!AC83,Timesheet!$C$13:$C$11461,'Mês 1'!$AF$75) -> 0 | AG83: =SUMIFS(Timesheet!$F$13:$F$11461,Timesheet!$A$13:$A$11461,'Mês 1'!AC83,Timesheet!$C$13:$C$11461,'Mês 1'!$AG$75) -> 0 | AH83: =SUMIFS(Timesheet!$F$13:$F$11461,Timesheet!$A$13:$A$11461,'Mês 1'!AC83,Timesheet!$C$13:$C$11461,'Mês 1'!$AH$75) -> 0 | AI83: =SUMIFS(Timesheet!$F$13:$F$11461,Timesheet!$A$13:$A$11461,'Mês 1'!AC83,Timesheet!$C$13:$C$11461,'Mês 1'!$AI$75) -> 0 | AJ83: =SUMIFS(Timesheet!$F$13:$F$11461,Timesheet!$A$13:$A$11461,'Mês 1'!AC83,Timesheet!$C$13:$C$11461,'Mês 1'!AJ$75) -> 0 | AK83: =SUMIFS(Timesheet!$F$13:$F$11461,Timesheet!$A$13:$A$11461,'Mês 1'!AC83,Timesheet!$C$13:$C$11461,'Mês 1'!$AK$75) -> 0 | AL83: =SUMIFS(Timesheet!$F$13:$F$11461,Timesheet!$A$13:$A$11461,'Mês 1'!AC83,Timesheet!$C$13:$C$11461,'Mês 1'!$AL$75) -> 0 | AM83: =SUM(AD83:AK83) -> 0 | AN83: {=MIN(IF(Timesheet!$A$13:$A$11483='Mês 1'!AC83,Timesheet!$D$13:$D$11483))} -> 0 | AO83: {=MAX(IF(Timesheet!$A$13:$A$11483='Mês 1'!AC83,Timesheet!$E$13:$E$11483))} -> 0 | AQ83: 45207 | AR83: =SUMIFS(Timesheet!$F$13:$F$11461,Timesheet!$A$13:$A$11461,'Mês 1'!AQ83,Timesheet!$C$13:$C$11461,'Mês 1'!$AR$75) -> 0 | AS83: =SUMIFS(Timesheet!$F$13:$F$11461,Timesheet!$A$13:$A$11461,'Mês 1'!AQ83,Timesheet!$C$13:$C$11461,'Mês 1'!$AS$75) -> 0 | AT83: =SUMIFS(Timesheet!$F$13:$F$11461,Timesheet!$A$13:$A$11461,'Mês 1'!AQ83,Timesheet!$C$13:$C$11461,'Mês 1'!$AT$75) -> 0 | AU83: =SUMIFS(Timesheet!$F$13:$F$11461,Timesheet!$A$13:$A$11461,'Mês 1'!AQ83,Timesheet!$C$13:$C$11461,'Mês 1'!$AU$75) -> 0 | AV83: =SUMIFS(Timesheet!$F$13:$F$11461,Timesheet!$A$13:$A$11461,'Mês 1'!AQ83,Timesheet!$C$13:$C$11461,'Mês 1'!$AV$75) -> 0 | AW83: =SUMIFS(Timesheet!$F$13:$F$11461,Timesheet!$A$13:$A$11461,'Mês 1'!AQ83,Timesheet!$C$13:$C$11461,'Mês 1'!$AW$75) -> 0 | AX83: =SUMIFS(Timesheet!$F$13:$F$11461,Timesheet!$A$13:$A$11461,'Mês 1'!AQ83,Timesheet!$C$13:$C$11461,'Mês 1'!$AX$75) -> 0 | AY83: =SUMIFS(Timesheet!$F$13:$F$11461,Timesheet!$A$13:$A$11461,'Mês 1'!AQ83,Timesheet!$C$13:$C$11461,'Mês 1'!$AY$75) -> 0 | AZ83: =SUMIFS(Timesheet!$F$13:$F$11461,Timesheet!$A$13:$A$11461,'Mês 1'!AQ83,Timesheet!$C$13:$C$11461,'Mês 1'!$AZ$75) -> 0 | BA83: =SUM(AR83:AY83) -> 0 | BB83: {=MIN(IF(Timesheet!$A$13:$A$11483='Mês 1'!AQ83,Timesheet!$D$13:$D$11483))} -> 0 | BC83: {=MAX(IF(Timesheet!$A$13:$A$11483='Mês 1'!AQ83,Timesheet!$E$13:$E$11483))} -> 0 | BE83: 45268 | BF83: =SUMIFS(Timesheet!$F$13:$F$11461,Timesheet!$A$13:$A$11461,'Mês 1'!BE83,Timesheet!$C$13:$C$11461,'Mês 1'!$BF$75) -> 0 | BG83: =SUMIFS(Timesheet!$F$13:$F$11461,Timesheet!$A$13:$A$11461,'Mês 1'!BE83,Timesheet!$C$13:$C$11461,'Mês 1'!$BG$75) -> 0 | BH83: =SUMIFS(Timesheet!$F$13:$F$11461,Timesheet!$A$13:$A$11461,'Mês 1'!BE83,Timesheet!$C$13:$C$11461,'Mês 1'!$BH$75) -> 0 | BI83: =SUMIFS(Timesheet!$F$13:$F$11461,Timesheet!$A$13:$A$11461,'Mês 1'!BE83,Timesheet!$C$13:$C$11461,'Mês 1'!$BI$75) -> 0 | BJ83: =SUMIFS(Timesheet!$F$13:$F$11461,Timesheet!$A$13:$A$11461,'Mês 1'!BE83,Timesheet!$C$13:$C$11461,'Mês 1'!$BJ$75) -> 0 | BK83: =SUMIFS(Timesheet!$F$13:$F$11461,Timesheet!$A$13:$A$11461,'Mês 1'!BE83,Timesheet!$C$13:$C$11461,'Mês 1'!$BK$75) -> 0 | BL83: =SUMIFS(Timesheet!$F$13:$F$11461,Timesheet!$A$13:$A$11461,'Mês 1'!BE83,Timesheet!$C$13:$C$11461,'Mês 1'!$BL$75) -> 0 | BM83: =SUMIFS(Timesheet!$F$13:$F$11461,Timesheet!$A$13:$A$11461,'Mês 1'!BE83,Timesheet!$C$13:$C$11461,'Mês 1'!$BM$75) -> 0 | BN83: =SUMIFS(Timesheet!$F$13:$F$11461,Timesheet!$A$13:$A$11461,'Mês 1'!BE83,Timesheet!$C$13:$C$11461,'Mês 1'!$BN$75) -> 0 | BO83: =SUM(BF83:BM83) -> 0 | BP83: {=MIN(IF(Timesheet!$A$13:$A$11483='Mês 1'!BE83,Timesheet!$D$13:$D$11483))} -> 0 | BQ83: {=MAX(IF(Timesheet!$A$13:$A$11483='Mês 1'!BE83,Timesheet!$E$13:$E$11483))} -> 0
A84: 45025 | B84: =SUMIFS(Timesheet!$F$13:$F$11461,Timesheet!$A$13:$A$11461,'Mês 1'!A84,Timesheet!$C$13:$C$11461,'Mês 1'!$B$75) -> 0 | C84: =SUMIFS(Timesheet!$F$13:$F$11461,Timesheet!$A$13:$A$11461,'Mês 1'!A84,Timesheet!$C$13:$C$11461,'Mês 1'!$C$75) -> 0 | D84: =SUMIFS(Timesheet!$F$13:$F$11461,Timesheet!$A$13:$A$11461,'Mês 1'!A84,Timesheet!$C$13:$C$11461,'Mês 1'!$D$75) -> 0 | E84: =SUMIFS(Timesheet!$F$13:$F$11461,Timesheet!$A$13:$A$11461,'Mês 1'!A84,Timesheet!$C$13:$C$11461,'Mês 1'!$E$75) -> 0 | F84: =SUMIFS(Timesheet!$F$13:$F$11461,Timesheet!$A$13:$A$11461,'Mês 1'!A84,Timesheet!$C$13:$C$11461,'Mês 1'!$F$75) -> 0 | G84: =SUMIFS(Timesheet!$F$13:$F$11461,Timesheet!$A$13:$A$11461,'Mês 1'!A84,Timesheet!$C$13:$C$11461,'Mês 1'!$G$75) -> 0 | H84: =SUMIFS(Timesheet!$F$13:$F$11461,Timesheet!$A$13:$A$11461,'Mês 1'!A84,Timesheet!$C$13:$C$11461,'Mês 1'!$H$75) -> 0 | I84: =SUMIFS(Timesheet!$F$13:$F$11461,Timesheet!$A$13:$A$11461,'Mês 1'!A84,Timesheet!$C$13:$C$11461,'Mês 1'!$I$75) -> 0 | J84: =SUMIFS(Timesheet!$F$13:$F$11461,Timesheet!$A$13:$A$11461,'Mês 1'!A84,Timesheet!$C$13:$C$11461,'Mês 1'!$J$75) -> 0 | K84: =SUM(B84:I84) -> 0 | L84: {=MIN(IF(Timesheet!$A$13:$A$11483='Mês 1'!A84,Timesheet!$D$13:$D$11483))} -> 0 | M84: {=MAX(IF(Timesheet!$A$13:$A$11483='Mês 1'!A84,Timesheet!$E$13:$E$11483))} -> 0 | O84: 45086 | P84: =SUMIFS(Timesheet!$F$13:$F$11461,Timesheet!$A$13:$A$11461,'Mês 1'!O84,Timesheet!$C$13:$C$11461,'Mês 1'!$P$75) -> 0 | Q84: =SUMIFS(Timesheet!$F$13:$F$11461,Timesheet!$A$13:$A$11461,'Mês 1'!O84,Timesheet!$C$13:$C$11461,'Mês 1'!$Q$75) -> 0 | R84: =SUMIFS(Timesheet!$F$13:$F$11461,Timesheet!$A$13:$A$11461,'Mês 1'!O84,Timesheet!$C$13:$C$11461,'Mês 1'!$R$75) -> 0 | S84: =SUMIFS(Timesheet!$F$13:$F$11461,Timesheet!$A$13:$A$11461,'Mês 1'!O84,Timesheet!$C$13:$C$11461,'Mês 1'!$S$75) -> 0 | T84: =SUMIFS(Timesheet!$F$13:$F$11461,Timesheet!$A$13:$A$11461,'Mês 1'!O84,Timesheet!$C$13:$C$11461,'Mês 1'!$T$75) -> 0 | U84: =SUMIFS(Timesheet!$F$13:$F$11461,Timesheet!$A$13:$A$11461,'Mês 1'!O84,Timesheet!$C$13:$C$11461,'Mês 1'!$U$75) -> 0 | V84: =SUMIFS(Timesheet!$F$13:$F$11461,Timesheet!$A$13:$A$11461,'Mês 1'!O84,Timesheet!$C$13:$C$11461,'Mês 1'!$V$75) -> 0 | W84: =SUMIFS(Timesheet!$F$13:$F$11461,Timesheet!$A$13:$A$11461,'Mês 1'!O84,Timesheet!$C$13:$C$11461,'Mês 1'!$W$75) -> 0 | X84: =SUMIFS(Timesheet!$F$13:$F$11461,Timesheet!$A$13:$A$11461,'Mês 1'!O84,Timesheet!$C$13:$C$11461,'Mês 1'!$X$75) -> 0 | Y84: =SUM(P84:W84) -> 0 | Z84: {=MIN(IF(Timesheet!$A$13:$A$11483='Mês 1'!O84,Timesheet!$D$13:$D$11483))} -> 0 | AA84: {=MAX(IF(Timesheet!$A$13:$A$11483='Mês 1'!O84,Timesheet!$E$13:$E$11483))} -> 0 | AC84: 45147 | AD84: =SUMIFS(Timesheet!$F$13:$F$11461,Timesheet!$A$13:$A$11461,'Mês 1'!AC84,Timesheet!$C$13:$C$11461,'Mês 1'!$AD$75) -> 0 | AE84: =SUMIFS(Timesheet!$F$13:$F$11461,Timesheet!$A$13:$A$11461,'Mês 1'!AC84,Timesheet!$C$13:$C$11461,'Mês 1'!$AE$75) -> 0 | AF84: =SUMIFS(Timesheet!$F$13:$F$11461,Timesheet!$A$13:$A$11461,'Mês 1'!AC84,Timesheet!$C$13:$C$11461,'Mês 1'!$AF$75) -> 0 | AG84: =SUMIFS(Timesheet!$F$13:$F$11461,Timesheet!$A$13:$A$11461,'Mês 1'!AC84,Timesheet!$C$13:$C$11461,'Mês 1'!$AG$75) -> 0 | AH84: =SUMIFS(Timesheet!$F$13:$F$11461,Timesheet!$A$13:$A$11461,'Mês 1'!AC84,Timesheet!$C$13:$C$11461,'Mês 1'!$AH$75) -> 0 | AI84: =SUMIFS(Timesheet!$F$13:$F$11461,Timesheet!$A$13:$A$11461,'Mês 1'!AC84,Timesheet!$C$13:$C$11461,'Mês 1'!$AI$75) -> 0 | AJ84: =SUMIFS(Timesheet!$F$13:$F$11461,Timesheet!$A$13:$A$11461,'Mês 1'!AC84,Timesheet!$C$13:$C$11461,'Mês 1'!AJ$75) -> 0 | AK84: =SUMIFS(Timesheet!$F$13:$F$11461,Timesheet!$A$13:$A$11461,'Mês 1'!AC84,Timesheet!$C$13:$C$11461,'Mês 1'!$AK$75) -> 0 | AL84: =SUMIFS(Timesheet!$F$13:$F$11461,Timesheet!$A$13:$A$11461,'Mês 1'!AC84,Timesheet!$C$13:$C$11461,'Mês 1'!$AL$75) -> 0 | AM84: =SUM(AD84:AK84) -> 0 | AN84: {=MIN(IF(Timesheet!$A$13:$A$11483='Mês 1'!AC84,Timesheet!$D$13:$D$11483))} -> 0 | AO84: {=MAX(IF(Timesheet!$A$13:$A$11483='Mês 1'!AC84,Timesheet!$E$13:$E$11483))} -> 0 | AQ84: 45208 | AR84: =SUMIFS(Timesheet!$F$13:$F$11461,Timesheet!$A$13:$A$11461,'Mês 1'!AQ84,Timesheet!$C$13:$C$11461,'Mês 1'!$AR$75) -> 0 | AS84: =SUMIFS(Timesheet!$F$13:$F$11461,Timesheet!$A$13:$A$11461,'Mês 1'!AQ84,Timesheet!$C$13:$C$11461,'Mês 1'!$AS$75) -> 0 | AT84: =SUMIFS(Timesheet!$F$13:$F$11461,Timesheet!$A$13:$A$11461,'Mês 1'!AQ84,Timesheet!$C$13:$C$11461,'Mês 1'!$AT$75) -> 0 | AU84: =SUMIFS(Timesheet!$F$13:$F$11461,Timesheet!$A$13:$A$11461,'Mês 1'!AQ84,Timesheet!$C$13:$C$11461,'Mês 1'!$AU$75) -> 0 | AV84: =SUMIFS(Timesheet!$F$13:$F$11461,Timesheet!$A$13:$A$11461,'Mês 1'!AQ84,Timesheet!$C$13:$C$11461,'Mês 1'!$AV$75) -> 0 | AW84: =SUMIFS(Timesheet!$F$13:$F$11461,Timesheet!$A$13:$A$11461,'Mês 1'!AQ84,Timesheet!$C$13:$C$11461,'Mês 1'!$AW$75) -> 0 | AX84: =SUMIFS(Timesheet!$F$13:$F$11461,Timesheet!$A$13:$A$11461,'Mês 1'!AQ84,Timesheet!$C$13:$C$11461,'Mês 1'!$AX$75) -> 0 | AY84: =SUMIFS(Timesheet!$F$13:$F$11461,Timesheet!$A$13:$A$11461,'Mês 1'!AQ84,Timesheet!$C$13:$C$11461,'Mês 1'!$AY$75) -> 0 | AZ84: =SUMIFS(Timesheet!$F$13:$F$11461,Timesheet!$A$13:$A$11461,'Mês 1'!AQ84,Timesheet!$C$13:$C$11461,'Mês 1'!$AZ$75) -> 0 | BA84: =SUM(AR84:AY84) -> 0 | BB84: {=MIN(IF(Timesheet!$A$13:$A$11483='Mês 1'!AQ84,Timesheet!$D$13:$D$11483))} -> 0 | BC84: {=MAX(IF(Timesheet!$A$13:$A$11483='Mês 1'!AQ84,Timesheet!$E$13:$E$11483))} -> 0 | BE84: 45269 | BF84: =SUMIFS(Timesheet!$F$13:$F$11461,Timesheet!$A$13:$A$11461,'Mês 1'!BE84,Timesheet!$C$13:$C$11461,'Mês 1'!$BF$75) -> 0 | BG84: =SUMIFS(Timesheet!$F$13:$F$11461,Timesheet!$A$13:$A$11461,'Mês 1'!BE84,Timesheet!$C$13:$C$11461,'Mês 1'!$BG$75) -> 0 | BH84: =SUMIFS(Timesheet!$F$13:$F$11461,Timesheet!$A$13:$A$11461,'Mês 1'!BE84,Timesheet!$C$13:$C$11461,'Mês 1'!$BH$75) -> 0 | BI84: =SUMIFS(Timesheet!$F$13:$F$11461,Timesheet!$A$13:$A$11461,'Mês 1'!BE84,Timesheet!$C$13:$C$11461,'Mês 1'!$BI$75) -> 0 | BJ84: =SUMIFS(Timesheet!$F$13:$F$11461,Timesheet!$A$13:$A$11461,'Mês 1'!BE84,Timesheet!$C$13:$C$11461,'Mês 1'!$BJ$75) -> 0 | BK84: =SUMIFS(Timesheet!$F$13:$F$11461,Timesheet!$A$13:$A$11461,'Mês 1'!BE84,Timesheet!$C$13:$C$11461,'Mês 1'!$BK$75) -> 0 | BL84: =SUMIFS(Timesheet!$F$13:$F$11461,Timesheet!$A$13:$A$11461,'Mês 1'!BE84,Timesheet!$C$13:$C$11461,'Mês 1'!$BL$75) -> 0 | BM84: =SUMIFS(Timesheet!$F$13:$F$11461,Timesheet!$A$13:$A$11461,'Mês 1'!BE84,Timesheet!$C$13:$C$11461,'Mês 1'!$BM$75) -> 0 | BN84: =SUMIFS(Timesheet!$F$13:$F$11461,Timesheet!$A$13:$A$11461,'Mês 1'!BE84,Timesheet!$C$13:$C$11461,'Mês 1'!$BN$75) -> 0 | BO84: =SUM(BF84:BM84) -> 0 | BP84: {=MIN(IF(Timesheet!$A$13:$A$11483='Mês 1'!BE84,Timesheet!$D$13:$D$11483))} -> 0 | BQ84: {=MAX(IF(Timesheet!$A$13:$A$11483='Mês 1'!BE84,Timesheet!$E$13:$E$11483))} -> 0
